[     653ms] [INFO] %cDownload the React DevTools for a better development experience: https://reactjs.org/link/react-devtools font-weight:bold @ webpack-internal:///(app-pages-browser)/./node_modules/.pnpm/next@14.2.35_react-dom@18.3.1_react@18.3.1__react@18.3.1/node_modules/next/dist/compiled/react-dom/cjs/react-dom.development.js:38559
[  151531ms] [LOG] [Fast Refresh] rebuilding @ webpack-internal:///(app-pages-browser)/./node_modules/.pnpm/next@14.2.35_react-dom@18.3.1_react@18.3.1__react@18.3.1/node_modules/next/dist/client/components/react-dev-overlay/app/hot-reloader-client.js:186
[  152560ms] [LOG] [Fast Refresh] rebuilding @ webpack-internal:///(app-pages-browser)/./node_modules/.pnpm/next@14.2.35_react-dom@18.3.1_react@18.3.1__react@18.3.1/node_modules/next/dist/client/components/react-dev-overlay/app/hot-reloader-client.js:186
[  152629ms] [LOG] [Fast Refresh] done in 68ms @ webpack-internal:///(app-pages-browser)/./node_modules/.pnpm/next@14.2.35_react-dom@18.3.1_react@18.3.1__react@18.3.1/node_modules/next/dist/client/components/react-dev-overlay/app/hot-reloader-client.js:43
[  155605ms] [LOG] [Fast Refresh] done in 3044ms @ webpack-internal:///(app-pages-browser)/./node_modules/.pnpm/next@14.2.35_react-dom@18.3.1_react@18.3.1__react@18.3.1/node_modules/next/dist/client/components/react-dev-overlay/app/hot-reloader-client.js:43
[  167289ms] [LOG] [Fast Refresh] rebuilding @ webpack-internal:///(app-pages-browser)/./node_modules/.pnpm/next@14.2.35_react-dom@18.3.1_react@18.3.1__react@18.3.1/node_modules/next/dist/client/components/react-dev-overlay/app/hot-reloader-client.js:186
[  171393ms] [LOG] [Fast Refresh] done in 4105ms @ webpack-internal:///(app-pages-browser)/./node_modules/.pnpm/next@14.2.35_react-dom@18.3.1_react@18.3.1__react@18.3.1/node_modules/next/dist/client/components/react-dev-overlay/app/hot-reloader-client.js:43
[  192056ms] [LOG] [Fast Refresh] rebuilding @ webpack-internal:///(app-pages-browser)/./node_modules/.pnpm/next@14.2.35_react-dom@18.3.1_react@18.3.1__react@18.3.1/node_modules/next/dist/client/components/react-dev-overlay/app/hot-reloader-client.js:186
[  195444ms] [LOG] [Fast Refresh] done in 3387ms @ webpack-internal:///(app-pages-browser)/./node_modules/.pnpm/next@14.2.35_react-dom@18.3.1_react@18.3.1__react@18.3.1/node_modules/next/dist/client/components/react-dev-overlay/app/hot-reloader-client.js:43
[  205243ms] [LOG] [Fast Refresh] rebuilding @ webpack-internal:///(app-pages-browser)/./node_modules/.pnpm/next@14.2.35_react-dom@18.3.1_react@18.3.1__react@18.3.1/node_modules/next/dist/client/components/react-dev-overlay/app/hot-reloader-client.js:186
[  205486ms] [LOG] [Fast Refresh] rebuilding @ webpack-internal:///(app-pages-browser)/./node_modules/.pnpm/next@14.2.35_react-dom@18.3.1_react@18.3.1__react@18.3.1/node_modules/next/dist/client/components/react-dev-overlay/app/hot-reloader-client.js:186
[  205507ms] [LOG] [Fast Refresh] done in 22ms @ webpack-internal:///(app-pages-browser)/./node_modules/.pnpm/next@14.2.35_react-dom@18.3.1_react@18.3.1__react@18.3.1/node_modules/next/dist/client/components/react-dev-overlay/app/hot-reloader-client.js:43
[  208710ms] [LOG] [Fast Refresh] done in 3224ms @ webpack-internal:///(app-pages-browser)/./node_modules/.pnpm/next@14.2.35_react-dom@18.3.1_react@18.3.1__react@18.3.1/node_modules/next/dist/client/components/react-dev-overlay/app/hot-reloader-client.js:43
[  245252ms] [LOG] [Fast Refresh] rebuilding @ webpack-internal:///(app-pages-browser)/./node_modules/.pnpm/next@14.2.35_react-dom@18.3.1_react@18.3.1__react@18.3.1/node_modules/next/dist/client/components/react-dev-overlay/app/hot-reloader-client.js:186
[  245584ms] [LOG] [Fast Refresh] rebuilding @ webpack-internal:///(app-pages-browser)/./node_modules/.pnpm/next@14.2.35_react-dom@18.3.1_react@18.3.1__react@18.3.1/node_modules/next/dist/client/components/react-dev-overlay/app/hot-reloader-client.js:186
[  245606ms] [LOG] [Fast Refresh] done in 21ms @ webpack-internal:///(app-pages-browser)/./node_modules/.pnpm/next@14.2.35_react-dom@18.3.1_react@18.3.1__react@18.3.1/node_modules/next/dist/client/components/react-dev-overlay/app/hot-reloader-client.js:43
[  249340ms] [LOG] [Fast Refresh] done in 3755ms @ webpack-internal:///(app-pages-browser)/./node_modules/.pnpm/next@14.2.35_react-dom@18.3.1_react@18.3.1__react@18.3.1/node_modules/next/dist/client/components/react-dev-overlay/app/hot-reloader-client.js:43
[  257782ms] [LOG] [Fast Refresh] rebuilding @ webpack-internal:///(app-pages-browser)/./node_modules/.pnpm/next@14.2.35_react-dom@18.3.1_react@18.3.1__react@18.3.1/node_modules/next/dist/client/components/react-dev-overlay/app/hot-reloader-client.js:186
[  258092ms] [LOG] [Fast Refresh] rebuilding @ webpack-internal:///(app-pages-browser)/./node_modules/.pnpm/next@14.2.35_react-dom@18.3.1_react@18.3.1__react@18.3.1/node_modules/next/dist/client/components/react-dev-overlay/app/hot-reloader-client.js:186
[  258115ms] [LOG] [Fast Refresh] done in 24ms @ webpack-internal:///(app-pages-browser)/./node_modules/.pnpm/next@14.2.35_react-dom@18.3.1_react@18.3.1__react@18.3.1/node_modules/next/dist/client/components/react-dev-overlay/app/hot-reloader-client.js:43
[  261223ms] [LOG] [Fast Refresh] done in 3131ms @ webpack-internal:///(app-pages-browser)/./node_modules/.pnpm/next@14.2.35_react-dom@18.3.1_react@18.3.1__react@18.3.1/node_modules/next/dist/client/components/react-dev-overlay/app/hot-reloader-client.js:43
[  265429ms] [LOG] [Fast Refresh] rebuilding @ webpack-internal:///(app-pages-browser)/./node_modules/.pnpm/next@14.2.35_react-dom@18.3.1_react@18.3.1__react@18.3.1/node_modules/next/dist/client/components/react-dev-overlay/app/hot-reloader-client.js:186
[  265873ms] [LOG] [Fast Refresh] rebuilding @ webpack-internal:///(app-pages-browser)/./node_modules/.pnpm/next@14.2.35_react-dom@18.3.1_react@18.3.1__react@18.3.1/node_modules/next/dist/client/components/react-dev-overlay/app/hot-reloader-client.js:186
[  265895ms] [LOG] [Fast Refresh] done in 22ms @ webpack-internal:///(app-pages-browser)/./node_modules/.pnpm/next@14.2.35_react-dom@18.3.1_react@18.3.1__react@18.3.1/node_modules/next/dist/client/components/react-dev-overlay/app/hot-reloader-client.js:43
[  267822ms] [LOG] [Fast Refresh] done in 1949ms @ webpack-internal:///(app-pages-browser)/./node_modules/.pnpm/next@14.2.35_react-dom@18.3.1_react@18.3.1__react@18.3.1/node_modules/next/dist/client/components/react-dev-overlay/app/hot-reloader-client.js:43
[  282732ms] [LOG] [Fast Refresh] rebuilding @ webpack-internal:///(app-pages-browser)/./node_modules/.pnpm/next@14.2.35_react-dom@18.3.1_react@18.3.1__react@18.3.1/node_modules/next/dist/client/components/react-dev-overlay/app/hot-reloader-client.js:186
[  284463ms] [LOG] [Fast Refresh] done in 1732ms @ webpack-internal:///(app-pages-browser)/./node_modules/.pnpm/next@14.2.35_react-dom@18.3.1_react@18.3.1__react@18.3.1/node_modules/next/dist/client/components/react-dev-overlay/app/hot-reloader-client.js:43
[  476494ms] [LOG] [Fast Refresh] rebuilding @ webpack-internal:///(app-pages-browser)/./node_modules/.pnpm/next@14.2.35_react-dom@18.3.1_react@18.3.1__react@18.3.1/node_modules/next/dist/client/components/react-dev-overlay/app/hot-reloader-client.js:186
[  488974ms] [LOG] [Fast Refresh] rebuilding @ webpack-internal:///(app-pages-browser)/./node_modules/.pnpm/next@14.2.35_react-dom@18.3.1_react@18.3.1__react@18.3.1/node_modules/next/dist/client/components/react-dev-overlay/app/hot-reloader-client.js:186
[  489004ms] [LOG] [Fast Refresh] done in 29ms @ webpack-internal:///(app-pages-browser)/./node_modules/.pnpm/next@14.2.35_react-dom@18.3.1_react@18.3.1__react@18.3.1/node_modules/next/dist/client/components/react-dev-overlay/app/hot-reloader-client.js:43
[  489777ms] [LOG] [Fast Refresh] done in 802ms @ webpack-internal:///(app-pages-browser)/./node_modules/.pnpm/next@14.2.35_react-dom@18.3.1_react@18.3.1__react@18.3.1/node_modules/next/dist/client/components/react-dev-overlay/app/hot-reloader-client.js:43
[  625591ms] [LOG] [Fast Refresh] rebuilding @ webpack-internal:///(app-pages-browser)/./node_modules/.pnpm/next@14.2.35_react-dom@18.3.1_react@18.3.1__react@18.3.1/node_modules/next/dist/client/components/react-dev-overlay/app/hot-reloader-client.js:186
[  627358ms] [LOG] [Fast Refresh] done in 1768ms @ webpack-internal:///(app-pages-browser)/./node_modules/.pnpm/next@14.2.35_react-dom@18.3.1_react@18.3.1__react@18.3.1/node_modules/next/dist/client/components/react-dev-overlay/app/hot-reloader-client.js:43
[  665674ms] [LOG] [Fast Refresh] rebuilding @ webpack-internal:///(app-pages-browser)/./node_modules/.pnpm/next@14.2.35_react-dom@18.3.1_react@18.3.1__react@18.3.1/node_modules/next/dist/client/components/react-dev-overlay/app/hot-reloader-client.js:186
[  668958ms] [LOG] [Fast Refresh] done in 3284ms @ webpack-internal:///(app-pages-browser)/./node_modules/.pnpm/next@14.2.35_react-dom@18.3.1_react@18.3.1__react@18.3.1/node_modules/next/dist/client/components/react-dev-overlay/app/hot-reloader-client.js:43
[  763393ms] [LOG] [Fast Refresh] rebuilding @ webpack-internal:///(app-pages-browser)/./node_modules/.pnpm/next@14.2.35_react-dom@18.3.1_react@18.3.1__react@18.3.1/node_modules/next/dist/client/components/react-dev-overlay/app/hot-reloader-client.js:186
[  764085ms] [LOG] [Fast Refresh] rebuilding @ webpack-internal:///(app-pages-browser)/./node_modules/.pnpm/next@14.2.35_react-dom@18.3.1_react@18.3.1__react@18.3.1/node_modules/next/dist/client/components/react-dev-overlay/app/hot-reloader-client.js:186
[  764104ms] [LOG] [Fast Refresh] done in 19ms @ webpack-internal:///(app-pages-browser)/./node_modules/.pnpm/next@14.2.35_react-dom@18.3.1_react@18.3.1__react@18.3.1/node_modules/next/dist/client/components/react-dev-overlay/app/hot-reloader-client.js:43
[  794369ms] [LOG] [Fast Refresh] rebuilding @ webpack-internal:///(app-pages-browser)/./node_modules/.pnpm/next@14.2.35_react-dom@18.3.1_react@18.3.1__react@18.3.1/node_modules/next/dist/client/components/react-dev-overlay/app/hot-reloader-client.js:186
[  794406ms] [LOG] [Fast Refresh] done in 37ms @ webpack-internal:///(app-pages-browser)/./node_modules/.pnpm/next@14.2.35_react-dom@18.3.1_react@18.3.1__react@18.3.1/node_modules/next/dist/client/components/react-dev-overlay/app/hot-reloader-client.js:43
[  795965ms] [LOG] [Fast Refresh] done in 1597ms @ webpack-internal:///(app-pages-browser)/./node_modules/.pnpm/next@14.2.35_react-dom@18.3.1_react@18.3.1__react@18.3.1/node_modules/next/dist/client/components/react-dev-overlay/app/hot-reloader-client.js:43
[ 1029467ms] [LOG] [Fast Refresh] rebuilding @ webpack-internal:///(app-pages-browser)/./node_modules/.pnpm/next@14.2.35_react-dom@18.3.1_react@18.3.1__react@18.3.1/node_modules/next/dist/client/components/react-dev-overlay/app/hot-reloader-client.js:186
[ 1030497ms] [LOG] [Fast Refresh] rebuilding @ webpack-internal:///(app-pages-browser)/./node_modules/.pnpm/next@14.2.35_react-dom@18.3.1_react@18.3.1__react@18.3.1/node_modules/next/dist/client/components/react-dev-overlay/app/hot-reloader-client.js:186
[ 1030523ms] [LOG] [Fast Refresh] done in 25ms @ webpack-internal:///(app-pages-browser)/./node_modules/.pnpm/next@14.2.35_react-dom@18.3.1_react@18.3.1__react@18.3.1/node_modules/next/dist/client/components/react-dev-overlay/app/hot-reloader-client.js:43
[ 1033780ms] [ERROR] Warning: Cannot update a component (`%s`) while rendering a different component (`%s`). To locate the bad setState() call inside `%s`, follow the stack trace as described in https://reactjs.org/link/setstate-in-render%s HotReload ChamadosTable ChamadosTable 
    at ChamadosTable (webpack-internal:///(app-pages-browser)/./src/app/(private)/home/_components/ChamadosTable.tsx:63:11)
    at div
    at section
    at div
    at main
    at Home (webpack-internal:///(app-pages-browser)/./src/app/(private)/home/page.tsx:49:90)
    at ClientPageRoot (webpack-internal:///(app-pages-browser)/./node_modules/.pnpm/next@14.2.35_react-dom@18.3.1_react@18.3.1__react@18.3.1/node_modules/next/dist/client/components/client-page.js:14:11)
    at InnerLayoutRouter (webpack-internal:///(app-pages-browser)/./node_modules/.pnpm/next@14.2.35_react-dom@18.3.1_react@18.3.1__react@18.3.1/node_modules/next/dist/client/components/layout-router.js:243:11)
    at RedirectErrorBoundary (webpack-internal:///(app-pages-browser)/./node_modules/.pnpm/next@14.2.35_react-dom@18.3.1_react@18.3.1__react@18.3.1/node_modules/next/dist/client/components/redirect-boundary.js:74:9)
    at RedirectBoundary (webpack-internal:///(app-pages-browser)/./node_modules/.pnpm/next@14.2.35_react-dom@18.3.1_react@18.3.1__react@18.3.1/node_modules/next/dist/client/components/redirect-boundary.js:82:11)
    at NotFoundBoundary (webpack-internal:///(app-pages-browser)/./node_modules/.pnpm/next@14.2.35_react-dom@18.3.1_react@18.3.1__react@18.3.1/node_modules/next/dist/client/components/not-found-boundary.js:84:11)
    at LoadingBoundary (webpack-internal:///(app-pages-browser)/./node_modules/.pnpm/next@14.2.35_react-dom@18.3.1_react@18.3.1__react@18.3.1/node_modules/next/dist/client/components/layout-router.js:349:11)
    at ErrorBoundary (webpack-internal:///(app-pages-browser)/./node_modules/.pnpm/next@14.2.35_react-dom@18.3.1_react@18.3.1__react@18.3.1/node_modules/next/dist/client/components/error-boundary.js:160:11)
    at InnerScrollAndFocusHandler (webpack-internal:///(app-pages-browser)/./node_modules/.pnpm/next@14.2.35_react-dom@18.3.1_react@18.3.1__react@18.3.1/node_modules/next/dist/client/components/layout-router.js:153:9)
    at ScrollAndFocusHandler (webpack-internal:///(app-pages-browser)/./node_modules/.pnpm/next@14.2.35_react-dom@18.3.1_react@18.3.1__react@18.3.1/node_modules/next/dist/client/components/layout-router.js:228:11)
    at RenderFromTemplateContext (webpack-internal:///(app-pages-browser)/./node_modules/.pnpm/next@14.2.35_react-dom@18.3.1_react@18.3.1__react@18.3.1/node_modules/next/dist/client/components/render-from-template-context.js:16:44)
    at OuterLayoutRouter (webpack-internal:///(app-pages-browser)/./node_modules/.pnpm/next@14.2.35_react-dom@18.3.1_react@18.3.1__react@18.3.1/node_modules/next/dist/client/components/layout-router.js:370:11)
    at InnerLayoutRouter (webpack-internal:///(app-pages-browser)/./node_modules/.pnpm/next@14.2.35_react-dom@18.3.1_react@18.3.1__react@18.3.1/node_modules/next/dist/client/components/layout-router.js:243:11)
    at RedirectErrorBoundary (webpack-internal:///(app-pages-browser)/./node_modules/.pnpm/next@14.2.35_react-dom@18.3.1_react@18.3.1__react@18.3.1/node_modules/next/dist/client/components/redirect-boundary.js:74:9)
    at RedirectBoundary (webpack-internal:///(app-pages-browser)/./node_modules/.pnpm/next@14.2.35_react-dom@18.3.1_react@18.3.1__react@18.3.1/node_modules/next/dist/client/components/redirect-boundary.js:82:11)
    at NotFoundErrorBoundary (webpack-internal:///(app-pages-browser)/./node_modules/.pnpm/next@14.2.35_react-dom@18.3.1_react@18.3.1__react@18.3.1/node_modules/next/dist/client/components/not-found-boundary.js:76:9)
    at NotFoundBoundary (webpack-internal:///(app-pages-browser)/./node_modules/.pnpm/next@14.2.35_react-dom@18.3.1_react@18.3.1__react@18.3.1/node_modules/next/dist/client/components/not-found-boundary.js:84:11)
    at LoadingBoundary (webpack-internal:///(app-pages-browser)/./node_modules/.pnpm/next@14.2.35_react-dom@18.3.1_react@18.3.1__react@18.3.1/node_modules/next/dist/client/components/layout-router.js:349:11)
    at ErrorBoundary (webpack-internal:///(app-pages-browser)/./node_modules/.pnpm/next@14.2.35_react-dom@18.3.1_react@18.3.1__react@18.3.1/node_modules/next/dist/client/components/error-boundary.js:160:11)
    at InnerScrollAndFocusHandler (webpack-internal:///(app-pages-browser)/./node_modules/.pnpm/next@14.2.35_react-dom@18.3.1_react@18.3.1__react@18.3.1/node_modules/next/dist/client/components/layout-router.js:153:9)
    at ScrollAndFocusHandler (webpack-internal:///(app-pages-browser)/./node_modules/.pnpm/next@14.2.35_react-dom@18.3.1_react@18.3.1__react@18.3.1/node_modules/next/dist/client/components/layout-router.js:228:11)
    at RenderFromTemplateContext (webpack-internal:///(app-pages-browser)/./node_modules/.pnpm/next@14.2.35_react-dom@18.3.1_react@18.3.1__react@18.3.1/node_modules/next/dist/client/components/render-from-template-context.js:16:44)
    at OuterLayoutRouter (webpack-internal:///(app-pages-browser)/./node_modules/.pnpm/next@14.2.35_react-dom@18.3.1_react@18.3.1__react@18.3.1/node_modules/next/dist/client/components/layout-router.js:370:11)
    at InnerLayoutRouter (webpack-internal:///(app-pages-browser)/./node_modules/.pnpm/next@14.2.35_react-dom@18.3.1_react@18.3.1__react@18.3.1/node_modules/next/dist/client/components/layout-router.js:243:11)
    at RedirectErrorBoundary (webpack-internal:///(app-pages-browser)/./node_modules/.pnpm/next@14.2.35_react-dom@18.3.1_react@18.3.1__react@18.3.1/node_modules/next/dist/client/components/redirect-boundary.js:74:9)
    at RedirectBoundary (webpack-internal:///(app-pages-browser)/./node_modules/.pnpm/next@14.2.35_react-dom@18.3.1_react@18.3.1__react@18.3.1/node_modules/next/dist/client/components/redirect-boundary.js:82:11)
    at NotFoundErrorBoundary (webpack-internal:///(app-pages-browser)/./node_modules/.pnpm/next@14.2.35_react-dom@18.3.1_react@18.3.1__react@18.3.1/node_modules/next/dist/client/components/not-found-boundary.js:76:9)
    at NotFoundBoundary (webpack-internal:///(app-pages-browser)/./node_modules/.pnpm/next@14.2.35_react-dom@18.3.1_react@18.3.1__react@18.3.1/node_modules/next/dist/client/components/not-found-boundary.js:84:11)
    at LoadingBoundary (webpack-internal:///(app-pages-browser)/./node_modules/.pnpm/next@14.2.35_react-dom@18.3.1_react@18.3.1__react@18.3.1/node_modules/next/dist/client/components/layout-router.js:349:11)
    at ErrorBoundary (webpack-internal:///(app-pages-browser)/./node_modules/.pnpm/next@14.2.35_react-dom@18.3.1_react@18.3.1__react@18.3.1/node_modules/next/dist/client/components/error-boundary.js:160:11)
    at InnerScrollAndFocusHandler (webpack-internal:///(app-pages-browser)/./node_modules/.pnpm/next@14.2.35_react-dom@18.3.1_react@18.3.1__react@18.3.1/node_modules/next/dist/client/components/layout-router.js:153:9)
    at ScrollAndFocusHandler (webpack-internal:///(app-pages-browser)/./node_modules/.pnpm/next@14.2.35_react-dom@18.3.1_react@18.3.1__react@18.3.1/node_modules/next/dist/client/components/layout-router.js:228:11)
    at RenderFromTemplateContext (webpack-internal:///(app-pages-browser)/./node_modules/.pnpm/next@14.2.35_react-dom@18.3.1_react@18.3.1__react@18.3.1/node_modules/next/dist/client/components/render-from-template-context.js:16:44)
    at OuterLayoutRouter (webpack-internal:///(app-pages-browser)/./node_modules/.pnpm/next@14.2.35_react-dom@18.3.1_react@18.3.1__react@18.3.1/node_modules/next/dist/client/components/layout-router.js:370:11)
    at body
    at html
    at SessionProvider (webpack-internal:///(app-pages-browser)/./node_modules/.pnpm/next-auth@4.24.14_next@14.2_3c6995bb7fe1b51c92ddd1c1f45f2e25/node_modules/next-auth/react/index.js:365:24)
    at NextAuthProvider (webpack-internal:///(app-pages-browser)/./src/providers/auth-provider.tsx:11:11)
    at RootLayout (Server)
    at RedirectErrorBoundary (webpack-internal:///(app-pages-browser)/./node_modules/.pnpm/next@14.2.35_react-dom@18.3.1_react@18.3.1__react@18.3.1/node_modules/next/dist/client/components/redirect-boundary.js:74:9)
    at RedirectBoundary (webpack-internal:///(app-pages-browser)/./node_modules/.pnpm/next@14.2.35_react-dom@18.3.1_react@18.3.1__react@18.3.1/node_modules/next/dist/client/components/redirect-boundary.js:82:11)
    at NotFoundErrorBoundary (webpack-internal:///(app-pages-browser)/./node_modules/.pnpm/next@14.2.35_react-dom@18.3.1_react@18.3.1__react@18.3.1/node_modules/next/dist/client/components/not-found-boundary.js:76:9)
    at NotFoundBoundary (webpack-internal:///(app-pages-browser)/./node_modules/.pnpm/next@14.2.35_react-dom@18.3.1_react@18.3.1__react@18.3.1/node_modules/next/dist/client/components/not-found-boundary.js:84:11)
    at DevRootNotFoundBoundary (webpack-internal:///(app-pages-browser)/./node_modules/.pnpm/next@14.2.35_react-dom@18.3.1_react@18.3.1__react@18.3.1/node_modules/next/dist/client/components/dev-root-not-found-boundary.js:33:11)
    at ReactDevOverlay (webpack-internal:///(app-pages-browser)/./node_modules/.pnpm/next@14.2.35_react-dom@18.3.1_react@18.3.1__react@18.3.1/node_modules/next/dist/client/components/react-dev-overlay/app/ReactDevOverlay.js:87:9)
    at HotReload (webpack-internal:///(app-pages-browser)/./node_modules/.pnpm/next@14.2.35_react-dom@18.3.1_react@18.3.1__react@18.3.1/node_modules/next/dist/client/components/react-dev-overlay/app/hot-reloader-client.js:321:11)
    at Router (webpack-internal:///(app-pages-browser)/./node_modules/.pnpm/next@14.2.35_react-dom@18.3.1_react@18.3.1__react@18.3.1/node_modules/next/dist/client/components/app-router.js:207:11)
    at ErrorBoundaryHandler (webpack-internal:///(app-pages-browser)/./node_modules/.pnpm/next@14.2.35_react-dom@18.3.1_react@18.3.1__react@18.3.1/node_modules/next/dist/client/components/error-boundary.js:113:9)
    at ErrorBoundary (webpack-internal:///(app-pages-browser)/./node_modules/.pnpm/next@14.2.35_react-dom@18.3.1_react@18.3.1__react@18.3.1/node_modules/next/dist/client/components/error-boundary.js:160:11)
    at AppRouter (webpack-internal:///(app-pages-browser)/./node_modules/.pnpm/next@14.2.35_react-dom@18.3.1_react@18.3.1__react@18.3.1/node_modules/next/dist/client/components/app-router.js:585:13)
    at ServerRoot (webpack-internal:///(app-pages-browser)/./node_modules/.pnpm/next@14.2.35_react-dom@18.3.1_react@18.3.1__react@18.3.1/node_modules/next/dist/client/app-index.js:112:27)
    at Root (webpack-internal:///(app-pages-browser)/./node_modules/.pnpm/next@14.2.35_react-dom@18.3.1_react@18.3.1__react@18.3.1/node_modules/next/dist/client/app-index.js:117:11) @ webpack-internal:///(app-pages-browser)/./node_modules/.pnpm/next@14.2.35_react-dom@18.3.1_react@18.3.1__react@18.3.1/node_modules/next/dist/client/app-index.js:32
[ 1033782ms] ReferenceError: HiOutlineClipboardDocumentList is not defined
    at eval (webpack-internal:///(app-pages-browser)/./src/app/(private)/home/_components/ChamadosTable.tsx:331:123)
    at Array.map (<anonymous>)
    at ChamadosTable (webpack-internal:///(app-pages-browser)/./src/app/(private)/home/_components/ChamadosTable.tsx:175:52)
    at renderWithHooks (webpack-internal:///(app-pages-browser)/./node_modules/.pnpm/next@14.2.35_react-dom@18.3.1_react@18.3.1__react@18.3.1/node_modules/next/dist/compiled/react-dom/cjs/react-dom.development.js:11121:18)
    at updateFunctionComponent (webpack-internal:///(app-pages-browser)/./node_modules/.pnpm/next@14.2.35_react-dom@18.3.1_react@18.3.1__react@18.3.1/node_modules/next/dist/compiled/react-dom/cjs/react-dom.development.js:16290:20)
    at beginWork$1 (webpack-internal:///(app-pages-browser)/./node_modules/.pnpm/next@14.2.35_react-dom@18.3.1_react@18.3.1__react@18.3.1/node_modules/next/dist/compiled/react-dom/cjs/react-dom.development.js:18472:16)
    at HTMLUnknownElement.callCallback (webpack-internal:///(app-pages-browser)/./node_modules/.pnpm/next@14.2.35_react-dom@18.3.1_react@18.3.1__react@18.3.1/node_modules/next/dist/compiled/react-dom/cjs/react-dom.development.js:20565:14)
    at Object.invokeGuardedCallbackImpl (webpack-internal:///(app-pages-browser)/./node_modules/.pnpm/next@14.2.35_react-dom@18.3.1_react@18.3.1__react@18.3.1/node_modules/next/dist/compiled/react-dom/cjs/react-dom.development.js:20614:16)
    at invokeGuardedCallback (webpack-internal:///(app-pages-browser)/./node_modules/.pnpm/next@14.2.35_react-dom@18.3.1_react@18.3.1__react@18.3.1/node_modules/next/dist/compiled/react-dom/cjs/react-dom.development.js:20689:29)
    at beginWork (webpack-internal:///(app-pages-browser)/./node_modules/.pnpm/next@14.2.35_react-dom@18.3.1_react@18.3.1__react@18.3.1/node_modules/next/dist/compiled/react-dom/cjs/react-dom.development.js:26949:7)
    at performUnitOfWork (webpack-internal:///(app-pages-browser)/./node_modules/.pnpm/next@14.2.35_react-dom@18.3.1_react@18.3.1__react@18.3.1/node_modules/next/dist/compiled/react-dom/cjs/react-dom.development.js:25748:12)
    at workLoopSync (webpack-internal:///(app-pages-browser)/./node_modules/.pnpm/next@14.2.35_react-dom@18.3.1_react@18.3.1__react@18.3.1/node_modules/next/dist/compiled/react-dom/cjs/react-dom.development.js:25464:5)
    at renderRootSync (webpack-internal:///(app-pages-browser)/./node_modules/.pnpm/next@14.2.35_react-dom@18.3.1_react@18.3.1__react@18.3.1/node_modules/next/dist/compiled/react-dom/cjs/react-dom.development.js:25419:7)
    at performSyncWorkOnRoot (webpack-internal:///(app-pages-browser)/./node_modules/.pnpm/next@14.2.35_react-dom@18.3.1_react@18.3.1__react@18.3.1/node_modules/next/dist/compiled/react-dom/cjs/react-dom.development.js:24887:20)
    at flushSyncWorkAcrossRoots_impl (webpack-internal:///(app-pages-browser)/./node_modules/.pnpm/next@14.2.35_react-dom@18.3.1_react@18.3.1__react@18.3.1/node_modules/next/dist/compiled/react-dom/cjs/react-dom.development.js:7758:13)
    at flushSyncWorkOnAllRoots (webpack-internal:///(app-pages-browser)/./node_modules/.pnpm/next@14.2.35_react-dom@18.3.1_react@18.3.1__react@18.3.1/node_modules/next/dist/compiled/react-dom/cjs/react-dom.development.js:7718:3)
    at flushSync$1 (webpack-internal:///(app-pages-browser)/./node_modules/.pnpm/next@14.2.35_react-dom@18.3.1_react@18.3.1__react@18.3.1/node_modules/next/dist/compiled/react-dom/cjs/react-dom.development.js:24999:7)
    at Object.scheduleRefresh (webpack-internal:///(app-pages-browser)/./node_modules/.pnpm/next@14.2.35_react-dom@18.3.1_react@18.3.1__react@18.3.1/node_modules/next/dist/compiled/react-dom/cjs/react-dom.development.js:27285:5)
    at eval (webpack-internal:///(app-pages-browser)/./node_modules/.pnpm/next@14.2.35_react-dom@18.3.1_react@18.3.1__react@18.3.1/node_modules/next/dist/compiled/react-refresh/cjs/react-refresh-runtime.development.js:265:17)
    at Set.forEach (<anonymous>)
    at Object.performReactRefresh (webpack-internal:///(app-pages-browser)/./node_modules/.pnpm/next@14.2.35_react-dom@18.3.1_react@18.3.1__react@18.3.1/node_modules/next/dist/compiled/react-refresh/cjs/react-refresh-runtime.development.js:254:26)
    at applyUpdate (webpack-internal:///(app-pages-browser)/./node_modules/.pnpm/next@14.2.35_react-dom@18.3.1_react@18.3.1__react@18.3.1/node_modules/next/dist/compiled/@next/react-refresh-utils/dist/internal/helpers.js:139:31)
    at statusHandler (webpack-internal:///(app-pages-browser)/./node_modules/.pnpm/next@14.2.35_react-dom@18.3.1_react@18.3.1__react@18.3.1/node_modules/next/dist/compiled/@next/react-refresh-utils/dist/internal/helpers.js:156:13)
    at setStatus (http://localhost:3000/_next/static/chunks/webpack.js?v=1788966398818:508:55)
    at http://localhost:3000/_next/static/chunks/webpack.js?v=1788966398818:678:21
[ 1033783ms] ReferenceError: HiOutlineClipboardDocumentList is not defined
    at eval (webpack-internal:///(app-pages-browser)/./src/app/(private)/home/_components/ChamadosTable.tsx:331:123)
    at Array.map (<anonymous>)
    at ChamadosTable (webpack-internal:///(app-pages-browser)/./src/app/(private)/home/_components/ChamadosTable.tsx:175:52)
    at renderWithHooks (webpack-internal:///(app-pages-browser)/./node_modules/.pnpm/next@14.2.35_react-dom@18.3.1_react@18.3.1__react@18.3.1/node_modules/next/dist/compiled/react-dom/cjs/react-dom.development.js:11121:18)
    at updateFunctionComponent (webpack-internal:///(app-pages-browser)/./node_modules/.pnpm/next@14.2.35_react-dom@18.3.1_react@18.3.1__react@18.3.1/node_modules/next/dist/compiled/react-dom/cjs/react-dom.development.js:16290:20)
    at beginWork$1 (webpack-internal:///(app-pages-browser)/./node_modules/.pnpm/next@14.2.35_react-dom@18.3.1_react@18.3.1__react@18.3.1/node_modules/next/dist/compiled/react-dom/cjs/react-dom.development.js:18472:16)
    at beginWork (webpack-internal:///(app-pages-browser)/./node_modules/.pnpm/next@14.2.35_react-dom@18.3.1_react@18.3.1__react@18.3.1/node_modules/next/dist/compiled/react-dom/cjs/react-dom.development.js:26927:14)
    at performUnitOfWork (webpack-internal:///(app-pages-browser)/./node_modules/.pnpm/next@14.2.35_react-dom@18.3.1_react@18.3.1__react@18.3.1/node_modules/next/dist/compiled/react-dom/cjs/react-dom.development.js:25748:12)
    at workLoopSync (webpack-internal:///(app-pages-browser)/./node_modules/.pnpm/next@14.2.35_react-dom@18.3.1_react@18.3.1__react@18.3.1/node_modules/next/dist/compiled/react-dom/cjs/react-dom.development.js:25464:5)
    at renderRootSync (webpack-internal:///(app-pages-browser)/./node_modules/.pnpm/next@14.2.35_react-dom@18.3.1_react@18.3.1__react@18.3.1/node_modules/next/dist/compiled/react-dom/cjs/react-dom.development.js:25419:7)
    at performSyncWorkOnRoot (webpack-internal:///(app-pages-browser)/./node_modules/.pnpm/next@14.2.35_react-dom@18.3.1_react@18.3.1__react@18.3.1/node_modules/next/dist/compiled/react-dom/cjs/react-dom.development.js:24887:20)
    at flushSyncWorkAcrossRoots_impl (webpack-internal:///(app-pages-browser)/./node_modules/.pnpm/next@14.2.35_react-dom@18.3.1_react@18.3.1__react@18.3.1/node_modules/next/dist/compiled/react-dom/cjs/react-dom.development.js:7758:13)
    at flushSyncWorkOnAllRoots (webpack-internal:///(app-pages-browser)/./node_modules/.pnpm/next@14.2.35_react-dom@18.3.1_react@18.3.1__react@18.3.1/node_modules/next/dist/compiled/react-dom/cjs/react-dom.development.js:7718:3)
    at flushSync$1 (webpack-internal:///(app-pages-browser)/./node_modules/.pnpm/next@14.2.35_react-dom@18.3.1_react@18.3.1__react@18.3.1/node_modules/next/dist/compiled/react-dom/cjs/react-dom.development.js:24999:7)
    at Object.scheduleRefresh (webpack-internal:///(app-pages-browser)/./node_modules/.pnpm/next@14.2.35_react-dom@18.3.1_react@18.3.1__react@18.3.1/node_modules/next/dist/compiled/react-dom/cjs/react-dom.development.js:27285:5)
    at eval (webpack-internal:///(app-pages-browser)/./node_modules/.pnpm/next@14.2.35_react-dom@18.3.1_react@18.3.1__react@18.3.1/node_modules/next/dist/compiled/react-refresh/cjs/react-refresh-runtime.development.js:265:17)
    at Set.forEach (<anonymous>)
    at Object.performReactRefresh (webpack-internal:///(app-pages-browser)/./node_modules/.pnpm/next@14.2.35_react-dom@18.3.1_react@18.3.1__react@18.3.1/node_modules/next/dist/compiled/react-refresh/cjs/react-refresh-runtime.development.js:254:26)
    at applyUpdate (webpack-internal:///(app-pages-browser)/./node_modules/.pnpm/next@14.2.35_react-dom@18.3.1_react@18.3.1__react@18.3.1/node_modules/next/dist/compiled/@next/react-refresh-utils/dist/internal/helpers.js:139:31)
    at statusHandler (webpack-internal:///(app-pages-browser)/./node_modules/.pnpm/next@14.2.35_react-dom@18.3.1_react@18.3.1__react@18.3.1/node_modules/next/dist/compiled/@next/react-refresh-utils/dist/internal/helpers.js:156:13)
    at setStatus (http://localhost:3000/_next/static/chunks/webpack.js?v=1788966398818:508:55)
    at http://localhost:3000/_next/static/chunks/webpack.js?v=1788966398818:678:21
[ 1033783ms] ReferenceError: HiOutlineClipboardDocumentList is not defined
    at eval (webpack-internal:///(app-pages-browser)/./src/app/(private)/home/_components/ChamadosTable.tsx:331:123)
    at Array.map (<anonymous>)
    at ChamadosTable (webpack-internal:///(app-pages-browser)/./src/app/(private)/home/_components/ChamadosTable.tsx:175:52)
    at renderWithHooks (webpack-internal:///(app-pages-browser)/./node_modules/.pnpm/next@14.2.35_react-dom@18.3.1_react@18.3.1__react@18.3.1/node_modules/next/dist/compiled/react-dom/cjs/react-dom.development.js:11121:18)
    at updateFunctionComponent (webpack-internal:///(app-pages-browser)/./node_modules/.pnpm/next@14.2.35_react-dom@18.3.1_react@18.3.1__react@18.3.1/node_modules/next/dist/compiled/react-dom/cjs/react-dom.development.js:16290:20)
    at beginWork$1 (webpack-internal:///(app-pages-browser)/./node_modules/.pnpm/next@14.2.35_react-dom@18.3.1_react@18.3.1__react@18.3.1/node_modules/next/dist/compiled/react-dom/cjs/react-dom.development.js:18472:16)
    at beginWork (webpack-internal:///(app-pages-browser)/./node_modules/.pnpm/next@14.2.35_react-dom@18.3.1_react@18.3.1__react@18.3.1/node_modules/next/dist/compiled/react-dom/cjs/react-dom.development.js:26927:14)
    at performUnitOfWork (webpack-internal:///(app-pages-browser)/./node_modules/.pnpm/next@14.2.35_react-dom@18.3.1_react@18.3.1__react@18.3.1/node_modules/next/dist/compiled/react-dom/cjs/react-dom.development.js:25748:12)
    at workLoopSync (webpack-internal:///(app-pages-browser)/./node_modules/.pnpm/next@14.2.35_react-dom@18.3.1_react@18.3.1__react@18.3.1/node_modules/next/dist/compiled/react-dom/cjs/react-dom.development.js:25464:5)
    at renderRootSync (webpack-internal:///(app-pages-browser)/./node_modules/.pnpm/next@14.2.35_react-dom@18.3.1_react@18.3.1__react@18.3.1/node_modules/next/dist/compiled/react-dom/cjs/react-dom.development.js:25419:7)
    at performSyncWorkOnRoot (webpack-internal:///(app-pages-browser)/./node_modules/.pnpm/next@14.2.35_react-dom@18.3.1_react@18.3.1__react@18.3.1/node_modules/next/dist/compiled/react-dom/cjs/react-dom.development.js:24887:20)
    at flushSyncWorkAcrossRoots_impl (webpack-internal:///(app-pages-browser)/./node_modules/.pnpm/next@14.2.35_react-dom@18.3.1_react@18.3.1__react@18.3.1/node_modules/next/dist/compiled/react-dom/cjs/react-dom.development.js:7758:13)
    at flushSyncWorkOnAllRoots (webpack-internal:///(app-pages-browser)/./node_modules/.pnpm/next@14.2.35_react-dom@18.3.1_react@18.3.1__react@18.3.1/node_modules/next/dist/compiled/react-dom/cjs/react-dom.development.js:7718:3)
    at flushSync$1 (webpack-internal:///(app-pages-browser)/./node_modules/.pnpm/next@14.2.35_react-dom@18.3.1_react@18.3.1__react@18.3.1/node_modules/next/dist/compiled/react-dom/cjs/react-dom.development.js:24999:7)
    at Object.scheduleRefresh (webpack-internal:///(app-pages-browser)/./node_modules/.pnpm/next@14.2.35_react-dom@18.3.1_react@18.3.1__react@18.3.1/node_modules/next/dist/compiled/react-dom/cjs/react-dom.development.js:27285:5)
    at eval (webpack-internal:///(app-pages-browser)/./node_modules/.pnpm/next@14.2.35_react-dom@18.3.1_react@18.3.1__react@18.3.1/node_modules/next/dist/compiled/react-refresh/cjs/react-refresh-runtime.development.js:265:17)
    at Set.forEach (<anonymous>)
    at Object.performReactRefresh (webpack-internal:///(app-pages-browser)/./node_modules/.pnpm/next@14.2.35_react-dom@18.3.1_react@18.3.1__react@18.3.1/node_modules/next/dist/compiled/react-refresh/cjs/react-refresh-runtime.development.js:254:26)
    at applyUpdate (webpack-internal:///(app-pages-browser)/./node_modules/.pnpm/next@14.2.35_react-dom@18.3.1_react@18.3.1__react@18.3.1/node_modules/next/dist/compiled/@next/react-refresh-utils/dist/internal/helpers.js:139:31)
    at statusHandler (webpack-internal:///(app-pages-browser)/./node_modules/.pnpm/next@14.2.35_react-dom@18.3.1_react@18.3.1__react@18.3.1/node_modules/next/dist/compiled/@next/react-refresh-utils/dist/internal/helpers.js:156:13)
    at setStatus (http://localhost:3000/_next/static/chunks/webpack.js?v=1788966398818:508:55)
    at http://localhost:3000/_next/static/chunks/webpack.js?v=1788966398818:678:21
[ 1033785ms] ReferenceError: HiOutlineClipboardDocumentList is not defined
    at eval (webpack-internal:///(app-pages-browser)/./src/app/(private)/home/_components/ChamadosTable.tsx:331:123)
    at Array.map (<anonymous>)
    at ChamadosTable (webpack-internal:///(app-pages-browser)/./src/app/(private)/home/_components/ChamadosTable.tsx:175:52)
    at renderWithHooks (webpack-internal:///(app-pages-browser)/./node_modules/.pnpm/next@14.2.35_react-dom@18.3.1_react@18.3.1__react@18.3.1/node_modules/next/dist/compiled/react-dom/cjs/react-dom.development.js:11121:18)
    at updateFunctionComponent (webpack-internal:///(app-pages-browser)/./node_modules/.pnpm/next@14.2.35_react-dom@18.3.1_react@18.3.1__react@18.3.1/node_modules/next/dist/compiled/react-dom/cjs/react-dom.development.js:16290:20)
    at beginWork$1 (webpack-internal:///(app-pages-browser)/./node_modules/.pnpm/next@14.2.35_react-dom@18.3.1_react@18.3.1__react@18.3.1/node_modules/next/dist/compiled/react-dom/cjs/react-dom.development.js:18472:16)
    at beginWork (webpack-internal:///(app-pages-browser)/./node_modules/.pnpm/next@14.2.35_react-dom@18.3.1_react@18.3.1__react@18.3.1/node_modules/next/dist/compiled/react-dom/cjs/react-dom.development.js:26927:14)
    at performUnitOfWork (webpack-internal:///(app-pages-browser)/./node_modules/.pnpm/next@14.2.35_react-dom@18.3.1_react@18.3.1__react@18.3.1/node_modules/next/dist/compiled/react-dom/cjs/react-dom.development.js:25748:12)
    at workLoopSync (webpack-internal:///(app-pages-browser)/./node_modules/.pnpm/next@14.2.35_react-dom@18.3.1_react@18.3.1__react@18.3.1/node_modules/next/dist/compiled/react-dom/cjs/react-dom.development.js:25464:5)
    at renderRootSync (webpack-internal:///(app-pages-browser)/./node_modules/.pnpm/next@14.2.35_react-dom@18.3.1_react@18.3.1__react@18.3.1/node_modules/next/dist/compiled/react-dom/cjs/react-dom.development.js:25419:7)
    at performSyncWorkOnRoot (webpack-internal:///(app-pages-browser)/./node_modules/.pnpm/next@14.2.35_react-dom@18.3.1_react@18.3.1__react@18.3.1/node_modules/next/dist/compiled/react-dom/cjs/react-dom.development.js:24887:20)
    at flushSyncWorkAcrossRoots_impl (webpack-internal:///(app-pages-browser)/./node_modules/.pnpm/next@14.2.35_react-dom@18.3.1_react@18.3.1__react@18.3.1/node_modules/next/dist/compiled/react-dom/cjs/react-dom.development.js:7758:13)
    at flushSyncWorkOnAllRoots (webpack-internal:///(app-pages-browser)/./node_modules/.pnpm/next@14.2.35_react-dom@18.3.1_react@18.3.1__react@18.3.1/node_modules/next/dist/compiled/react-dom/cjs/react-dom.development.js:7718:3)
    at flushSync$1 (webpack-internal:///(app-pages-browser)/./node_modules/.pnpm/next@14.2.35_react-dom@18.3.1_react@18.3.1__react@18.3.1/node_modules/next/dist/compiled/react-dom/cjs/react-dom.development.js:24999:7)
    at Object.scheduleRefresh (webpack-internal:///(app-pages-browser)/./node_modules/.pnpm/next@14.2.35_react-dom@18.3.1_react@18.3.1__react@18.3.1/node_modules/next/dist/compiled/react-dom/cjs/react-dom.development.js:27285:5)
    at eval (webpack-internal:///(app-pages-browser)/./node_modules/.pnpm/next@14.2.35_react-dom@18.3.1_react@18.3.1__react@18.3.1/node_modules/next/dist/compiled/react-refresh/cjs/react-refresh-runtime.development.js:265:17)
    at Set.forEach (<anonymous>)
    at Object.performReactRefresh (webpack-internal:///(app-pages-browser)/./node_modules/.pnpm/next@14.2.35_react-dom@18.3.1_react@18.3.1__react@18.3.1/node_modules/next/dist/compiled/react-refresh/cjs/react-refresh-runtime.development.js:254:26)
    at applyUpdate (webpack-internal:///(app-pages-browser)/./node_modules/.pnpm/next@14.2.35_react-dom@18.3.1_react@18.3.1__react@18.3.1/node_modules/next/dist/compiled/@next/react-refresh-utils/dist/internal/helpers.js:139:31)
    at statusHandler (webpack-internal:///(app-pages-browser)/./node_modules/.pnpm/next@14.2.35_react-dom@18.3.1_react@18.3.1__react@18.3.1/node_modules/next/dist/compiled/@next/react-refresh-utils/dist/internal/helpers.js:156:13)
    at setStatus (http://localhost:3000/_next/static/chunks/webpack.js?v=1788966398818:508:55)
    at http://localhost:3000/_next/static/chunks/webpack.js?v=1788966398818:678:21
[ 1033785ms] ReferenceError: HiOutlineClipboardDocumentList is not defined
    at eval (webpack-internal:///(app-pages-browser)/./src/app/(private)/home/_components/ChamadosTable.tsx:331:123)
    at Array.map (<anonymous>)
    at ChamadosTable (webpack-internal:///(app-pages-browser)/./src/app/(private)/home/_components/ChamadosTable.tsx:175:52)
    at renderWithHooks (webpack-internal:///(app-pages-browser)/./node_modules/.pnpm/next@14.2.35_react-dom@18.3.1_react@18.3.1__react@18.3.1/node_modules/next/dist/compiled/react-dom/cjs/react-dom.development.js:11121:18)
    at updateFunctionComponent (webpack-internal:///(app-pages-browser)/./node_modules/.pnpm/next@14.2.35_react-dom@18.3.1_react@18.3.1__react@18.3.1/node_modules/next/dist/compiled/react-dom/cjs/react-dom.development.js:16290:20)
    at beginWork$1 (webpack-internal:///(app-pages-browser)/./node_modules/.pnpm/next@14.2.35_react-dom@18.3.1_react@18.3.1__react@18.3.1/node_modules/next/dist/compiled/react-dom/cjs/react-dom.development.js:18472:16)
    at beginWork (webpack-internal:///(app-pages-browser)/./node_modules/.pnpm/next@14.2.35_react-dom@18.3.1_react@18.3.1__react@18.3.1/node_modules/next/dist/compiled/react-dom/cjs/react-dom.development.js:26927:14)
    at performUnitOfWork (webpack-internal:///(app-pages-browser)/./node_modules/.pnpm/next@14.2.35_react-dom@18.3.1_react@18.3.1__react@18.3.1/node_modules/next/dist/compiled/react-dom/cjs/react-dom.development.js:25748:12)
    at workLoopSync (webpack-internal:///(app-pages-browser)/./node_modules/.pnpm/next@14.2.35_react-dom@18.3.1_react@18.3.1__react@18.3.1/node_modules/next/dist/compiled/react-dom/cjs/react-dom.development.js:25464:5)
    at renderRootSync (webpack-internal:///(app-pages-browser)/./node_modules/.pnpm/next@14.2.35_react-dom@18.3.1_react@18.3.1__react@18.3.1/node_modules/next/dist/compiled/react-dom/cjs/react-dom.development.js:25419:7)
    at performSyncWorkOnRoot (webpack-internal:///(app-pages-browser)/./node_modules/.pnpm/next@14.2.35_react-dom@18.3.1_react@18.3.1__react@18.3.1/node_modules/next/dist/compiled/react-dom/cjs/react-dom.development.js:24887:20)
    at flushSyncWorkAcrossRoots_impl (webpack-internal:///(app-pages-browser)/./node_modules/.pnpm/next@14.2.35_react-dom@18.3.1_react@18.3.1__react@18.3.1/node_modules/next/dist/compiled/react-dom/cjs/react-dom.development.js:7758:13)
    at flushSyncWorkOnAllRoots (webpack-internal:///(app-pages-browser)/./node_modules/.pnpm/next@14.2.35_react-dom@18.3.1_react@18.3.1__react@18.3.1/node_modules/next/dist/compiled/react-dom/cjs/react-dom.development.js:7718:3)
    at flushSync$1 (webpack-internal:///(app-pages-browser)/./node_modules/.pnpm/next@14.2.35_react-dom@18.3.1_react@18.3.1__react@18.3.1/node_modules/next/dist/compiled/react-dom/cjs/react-dom.development.js:24999:7)
    at Object.scheduleRefresh (webpack-internal:///(app-pages-browser)/./node_modules/.pnpm/next@14.2.35_react-dom@18.3.1_react@18.3.1__react@18.3.1/node_modules/next/dist/compiled/react-dom/cjs/react-dom.development.js:27285:5)
    at eval (webpack-internal:///(app-pages-browser)/./node_modules/.pnpm/next@14.2.35_react-dom@18.3.1_react@18.3.1__react@18.3.1/node_modules/next/dist/compiled/react-refresh/cjs/react-refresh-runtime.development.js:265:17)
    at Set.forEach (<anonymous>)
    at Object.performReactRefresh (webpack-internal:///(app-pages-browser)/./node_modules/.pnpm/next@14.2.35_react-dom@18.3.1_react@18.3.1__react@18.3.1/node_modules/next/dist/compiled/react-refresh/cjs/react-refresh-runtime.development.js:254:26)
    at applyUpdate (webpack-internal:///(app-pages-browser)/./node_modules/.pnpm/next@14.2.35_react-dom@18.3.1_react@18.3.1__react@18.3.1/node_modules/next/dist/compiled/@next/react-refresh-utils/dist/internal/helpers.js:139:31)
    at statusHandler (webpack-internal:///(app-pages-browser)/./node_modules/.pnpm/next@14.2.35_react-dom@18.3.1_react@18.3.1__react@18.3.1/node_modules/next/dist/compiled/@next/react-refresh-utils/dist/internal/helpers.js:156:13)
    at setStatus (http://localhost:3000/_next/static/chunks/webpack.js?v=1788966398818:508:55)
    at http://localhost:3000/_next/static/chunks/webpack.js?v=1788966398818:678:21
[ 1033787ms] ReferenceError: HiOutlineClipboardDocumentList is not defined
    at eval (webpack-internal:///(app-pages-browser)/./src/app/(private)/home/_components/ChamadosTable.tsx:331:123)
    at Array.map (<anonymous>)
    at ChamadosTable (webpack-internal:///(app-pages-browser)/./src/app/(private)/home/_components/ChamadosTable.tsx:175:52)
    at renderWithHooks (webpack-internal:///(app-pages-browser)/./node_modules/.pnpm/next@14.2.35_react-dom@18.3.1_react@18.3.1__react@18.3.1/node_modules/next/dist/compiled/react-dom/cjs/react-dom.development.js:11121:18)
    at updateFunctionComponent (webpack-internal:///(app-pages-browser)/./node_modules/.pnpm/next@14.2.35_react-dom@18.3.1_react@18.3.1__react@18.3.1/node_modules/next/dist/compiled/react-dom/cjs/react-dom.development.js:16290:20)
    at beginWork$1 (webpack-internal:///(app-pages-browser)/./node_modules/.pnpm/next@14.2.35_react-dom@18.3.1_react@18.3.1__react@18.3.1/node_modules/next/dist/compiled/react-dom/cjs/react-dom.development.js:18472:16)
    at beginWork (webpack-internal:///(app-pages-browser)/./node_modules/.pnpm/next@14.2.35_react-dom@18.3.1_react@18.3.1__react@18.3.1/node_modules/next/dist/compiled/react-dom/cjs/react-dom.development.js:26927:14)
    at performUnitOfWork (webpack-internal:///(app-pages-browser)/./node_modules/.pnpm/next@14.2.35_react-dom@18.3.1_react@18.3.1__react@18.3.1/node_modules/next/dist/compiled/react-dom/cjs/react-dom.development.js:25748:12)
    at workLoopSync (webpack-internal:///(app-pages-browser)/./node_modules/.pnpm/next@14.2.35_react-dom@18.3.1_react@18.3.1__react@18.3.1/node_modules/next/dist/compiled/react-dom/cjs/react-dom.development.js:25464:5)
    at renderRootSync (webpack-internal:///(app-pages-browser)/./node_modules/.pnpm/next@14.2.35_react-dom@18.3.1_react@18.3.1__react@18.3.1/node_modules/next/dist/compiled/react-dom/cjs/react-dom.development.js:25419:7)
    at performSyncWorkOnRoot (webpack-internal:///(app-pages-browser)/./node_modules/.pnpm/next@14.2.35_react-dom@18.3.1_react@18.3.1__react@18.3.1/node_modules/next/dist/compiled/react-dom/cjs/react-dom.development.js:24887:20)
    at flushSyncWorkAcrossRoots_impl (webpack-internal:///(app-pages-browser)/./node_modules/.pnpm/next@14.2.35_react-dom@18.3.1_react@18.3.1__react@18.3.1/node_modules/next/dist/compiled/react-dom/cjs/react-dom.development.js:7758:13)
    at flushSyncWorkOnAllRoots (webpack-internal:///(app-pages-browser)/./node_modules/.pnpm/next@14.2.35_react-dom@18.3.1_react@18.3.1__react@18.3.1/node_modules/next/dist/compiled/react-dom/cjs/react-dom.development.js:7718:3)
    at flushSync$1 (webpack-internal:///(app-pages-browser)/./node_modules/.pnpm/next@14.2.35_react-dom@18.3.1_react@18.3.1__react@18.3.1/node_modules/next/dist/compiled/react-dom/cjs/react-dom.development.js:24999:7)
    at Object.scheduleRefresh (webpack-internal:///(app-pages-browser)/./node_modules/.pnpm/next@14.2.35_react-dom@18.3.1_react@18.3.1__react@18.3.1/node_modules/next/dist/compiled/react-dom/cjs/react-dom.development.js:27285:5)
    at eval (webpack-internal:///(app-pages-browser)/./node_modules/.pnpm/next@14.2.35_react-dom@18.3.1_react@18.3.1__react@18.3.1/node_modules/next/dist/compiled/react-refresh/cjs/react-refresh-runtime.development.js:265:17)
    at Set.forEach (<anonymous>)
    at Object.performReactRefresh (webpack-internal:///(app-pages-browser)/./node_modules/.pnpm/next@14.2.35_react-dom@18.3.1_react@18.3.1__react@18.3.1/node_modules/next/dist/compiled/react-refresh/cjs/react-refresh-runtime.development.js:254:26)
    at applyUpdate (webpack-internal:///(app-pages-browser)/./node_modules/.pnpm/next@14.2.35_react-dom@18.3.1_react@18.3.1__react@18.3.1/node_modules/next/dist/compiled/@next/react-refresh-utils/dist/internal/helpers.js:139:31)
    at statusHandler (webpack-internal:///(app-pages-browser)/./node_modules/.pnpm/next@14.2.35_react-dom@18.3.1_react@18.3.1__react@18.3.1/node_modules/next/dist/compiled/@next/react-refresh-utils/dist/internal/helpers.js:156:13)
    at setStatus (http://localhost:3000/_next/static/chunks/webpack.js?v=1788966398818:508:55)
    at http://localhost:3000/_next/static/chunks/webpack.js?v=1788966398818:678:21
[ 1033787ms] ReferenceError: HiOutlineClipboardDocumentList is not defined
    at eval (webpack-internal:///(app-pages-browser)/./src/app/(private)/home/_components/ChamadosTable.tsx:331:123)
    at Array.map (<anonymous>)
    at ChamadosTable (webpack-internal:///(app-pages-browser)/./src/app/(private)/home/_components/ChamadosTable.tsx:175:52)
    at renderWithHooks (webpack-internal:///(app-pages-browser)/./node_modules/.pnpm/next@14.2.35_react-dom@18.3.1_react@18.3.1__react@18.3.1/node_modules/next/dist/compiled/react-dom/cjs/react-dom.development.js:11121:18)
    at updateFunctionComponent (webpack-internal:///(app-pages-browser)/./node_modules/.pnpm/next@14.2.35_react-dom@18.3.1_react@18.3.1__react@18.3.1/node_modules/next/dist/compiled/react-dom/cjs/react-dom.development.js:16290:20)
    at beginWork$1 (webpack-internal:///(app-pages-browser)/./node_modules/.pnpm/next@14.2.35_react-dom@18.3.1_react@18.3.1__react@18.3.1/node_modules/next/dist/compiled/react-dom/cjs/react-dom.development.js:18472:16)
    at beginWork (webpack-internal:///(app-pages-browser)/./node_modules/.pnpm/next@14.2.35_react-dom@18.3.1_react@18.3.1__react@18.3.1/node_modules/next/dist/compiled/react-dom/cjs/react-dom.development.js:26927:14)
    at performUnitOfWork (webpack-internal:///(app-pages-browser)/./node_modules/.pnpm/next@14.2.35_react-dom@18.3.1_react@18.3.1__react@18.3.1/node_modules/next/dist/compiled/react-dom/cjs/react-dom.development.js:25748:12)
    at workLoopSync (webpack-internal:///(app-pages-browser)/./node_modules/.pnpm/next@14.2.35_react-dom@18.3.1_react@18.3.1__react@18.3.1/node_modules/next/dist/compiled/react-dom/cjs/react-dom.development.js:25464:5)
    at renderRootSync (webpack-internal:///(app-pages-browser)/./node_modules/.pnpm/next@14.2.35_react-dom@18.3.1_react@18.3.1__react@18.3.1/node_modules/next/dist/compiled/react-dom/cjs/react-dom.development.js:25419:7)
    at performSyncWorkOnRoot (webpack-internal:///(app-pages-browser)/./node_modules/.pnpm/next@14.2.35_react-dom@18.3.1_react@18.3.1__react@18.3.1/node_modules/next/dist/compiled/react-dom/cjs/react-dom.development.js:24887:20)
    at flushSyncWorkAcrossRoots_impl (webpack-internal:///(app-pages-browser)/./node_modules/.pnpm/next@14.2.35_react-dom@18.3.1_react@18.3.1__react@18.3.1/node_modules/next/dist/compiled/react-dom/cjs/react-dom.development.js:7758:13)
    at flushSyncWorkOnAllRoots (webpack-internal:///(app-pages-browser)/./node_modules/.pnpm/next@14.2.35_react-dom@18.3.1_react@18.3.1__react@18.3.1/node_modules/next/dist/compiled/react-dom/cjs/react-dom.development.js:7718:3)
    at flushSync$1 (webpack-internal:///(app-pages-browser)/./node_modules/.pnpm/next@14.2.35_react-dom@18.3.1_react@18.3.1__react@18.3.1/node_modules/next/dist/compiled/react-dom/cjs/react-dom.development.js:24999:7)
    at Object.scheduleRefresh (webpack-internal:///(app-pages-browser)/./node_modules/.pnpm/next@14.2.35_react-dom@18.3.1_react@18.3.1__react@18.3.1/node_modules/next/dist/compiled/react-dom/cjs/react-dom.development.js:27285:5)
    at eval (webpack-internal:///(app-pages-browser)/./node_modules/.pnpm/next@14.2.35_react-dom@18.3.1_react@18.3.1__react@18.3.1/node_modules/next/dist/compiled/react-refresh/cjs/react-refresh-runtime.development.js:265:17)
    at Set.forEach (<anonymous>)
    at Object.performReactRefresh (webpack-internal:///(app-pages-browser)/./node_modules/.pnpm/next@14.2.35_react-dom@18.3.1_react@18.3.1__react@18.3.1/node_modules/next/dist/compiled/react-refresh/cjs/react-refresh-runtime.development.js:254:26)
    at applyUpdate (webpack-internal:///(app-pages-browser)/./node_modules/.pnpm/next@14.2.35_react-dom@18.3.1_react@18.3.1__react@18.3.1/node_modules/next/dist/compiled/@next/react-refresh-utils/dist/internal/helpers.js:139:31)
    at statusHandler (webpack-internal:///(app-pages-browser)/./node_modules/.pnpm/next@14.2.35_react-dom@18.3.1_react@18.3.1__react@18.3.1/node_modules/next/dist/compiled/@next/react-refresh-utils/dist/internal/helpers.js:156:13)
    at setStatus (http://localhost:3000/_next/static/chunks/webpack.js?v=1788966398818:508:55)
    at http://localhost:3000/_next/static/chunks/webpack.js?v=1788966398818:678:21
[ 1033787ms] ReferenceError: HiOutlineClipboardDocumentList is not defined
    at eval (webpack-internal:///(app-pages-browser)/./src/app/(private)/home/_components/ChamadosTable.tsx:331:123)
    at Array.map (<anonymous>)
    at ChamadosTable (webpack-internal:///(app-pages-browser)/./src/app/(private)/home/_components/ChamadosTable.tsx:175:52)
    at renderWithHooks (webpack-internal:///(app-pages-browser)/./node_modules/.pnpm/next@14.2.35_react-dom@18.3.1_react@18.3.1__react@18.3.1/node_modules/next/dist/compiled/react-dom/cjs/react-dom.development.js:11121:18)
    at updateFunctionComponent (webpack-internal:///(app-pages-browser)/./node_modules/.pnpm/next@14.2.35_react-dom@18.3.1_react@18.3.1__react@18.3.1/node_modules/next/dist/compiled/react-dom/cjs/react-dom.development.js:16290:20)
    at beginWork$1 (webpack-internal:///(app-pages-browser)/./node_modules/.pnpm/next@14.2.35_react-dom@18.3.1_react@18.3.1__react@18.3.1/node_modules/next/dist/compiled/react-dom/cjs/react-dom.development.js:18472:16)
    at beginWork (webpack-internal:///(app-pages-browser)/./node_modules/.pnpm/next@14.2.35_react-dom@18.3.1_react@18.3.1__react@18.3.1/node_modules/next/dist/compiled/react-dom/cjs/react-dom.development.js:26927:14)
    at performUnitOfWork (webpack-internal:///(app-pages-browser)/./node_modules/.pnpm/next@14.2.35_react-dom@18.3.1_react@18.3.1__react@18.3.1/node_modules/next/dist/compiled/react-dom/cjs/react-dom.development.js:25748:12)
    at workLoopSync (webpack-internal:///(app-pages-browser)/./node_modules/.pnpm/next@14.2.35_react-dom@18.3.1_react@18.3.1__react@18.3.1/node_modules/next/dist/compiled/react-dom/cjs/react-dom.development.js:25464:5)
    at renderRootSync (webpack-internal:///(app-pages-browser)/./node_modules/.pnpm/next@14.2.35_react-dom@18.3.1_react@18.3.1__react@18.3.1/node_modules/next/dist/compiled/react-dom/cjs/react-dom.development.js:25419:7)
    at performSyncWorkOnRoot (webpack-internal:///(app-pages-browser)/./node_modules/.pnpm/next@14.2.35_react-dom@18.3.1_react@18.3.1__react@18.3.1/node_modules/next/dist/compiled/react-dom/cjs/react-dom.development.js:24887:20)
    at flushSyncWorkAcrossRoots_impl (webpack-internal:///(app-pages-browser)/./node_modules/.pnpm/next@14.2.35_react-dom@18.3.1_react@18.3.1__react@18.3.1/node_modules/next/dist/compiled/react-dom/cjs/react-dom.development.js:7758:13)
    at flushSyncWorkOnAllRoots (webpack-internal:///(app-pages-browser)/./node_modules/.pnpm/next@14.2.35_react-dom@18.3.1_react@18.3.1__react@18.3.1/node_modules/next/dist/compiled/react-dom/cjs/react-dom.development.js:7718:3)
    at flushSync$1 (webpack-internal:///(app-pages-browser)/./node_modules/.pnpm/next@14.2.35_react-dom@18.3.1_react@18.3.1__react@18.3.1/node_modules/next/dist/compiled/react-dom/cjs/react-dom.development.js:24999:7)
    at Object.scheduleRefresh (webpack-internal:///(app-pages-browser)/./node_modules/.pnpm/next@14.2.35_react-dom@18.3.1_react@18.3.1__react@18.3.1/node_modules/next/dist/compiled/react-dom/cjs/react-dom.development.js:27285:5)
    at eval (webpack-internal:///(app-pages-browser)/./node_modules/.pnpm/next@14.2.35_react-dom@18.3.1_react@18.3.1__react@18.3.1/node_modules/next/dist/compiled/react-refresh/cjs/react-refresh-runtime.development.js:265:17)
    at Set.forEach (<anonymous>)
    at Object.performReactRefresh (webpack-internal:///(app-pages-browser)/./node_modules/.pnpm/next@14.2.35_react-dom@18.3.1_react@18.3.1__react@18.3.1/node_modules/next/dist/compiled/react-refresh/cjs/react-refresh-runtime.development.js:254:26)
    at applyUpdate (webpack-internal:///(app-pages-browser)/./node_modules/.pnpm/next@14.2.35_react-dom@18.3.1_react@18.3.1__react@18.3.1/node_modules/next/dist/compiled/@next/react-refresh-utils/dist/internal/helpers.js:139:31)
    at statusHandler (webpack-internal:///(app-pages-browser)/./node_modules/.pnpm/next@14.2.35_react-dom@18.3.1_react@18.3.1__react@18.3.1/node_modules/next/dist/compiled/@next/react-refresh-utils/dist/internal/helpers.js:156:13)
    at setStatus (http://localhost:3000/_next/static/chunks/webpack.js?v=1788966398818:508:55)
    at http://localhost:3000/_next/static/chunks/webpack.js?v=1788966398818:678:21
[ 1033791ms] ReferenceError: HiOutlineClipboardDocumentList is not defined
    at eval (webpack-internal:///(app-pages-browser)/./src/app/(private)/home/_components/ChamadosTable.tsx:331:123)
    at Array.map (<anonymous>)
    at ChamadosTable (webpack-internal:///(app-pages-browser)/./src/app/(private)/home/_components/ChamadosTable.tsx:175:52)
    at renderWithHooks (webpack-internal:///(app-pages-browser)/./node_modules/.pnpm/next@14.2.35_react-dom@18.3.1_react@18.3.1__react@18.3.1/node_modules/next/dist/compiled/react-dom/cjs/react-dom.development.js:11121:18)
    at updateFunctionComponent (webpack-internal:///(app-pages-browser)/./node_modules/.pnpm/next@14.2.35_react-dom@18.3.1_react@18.3.1__react@18.3.1/node_modules/next/dist/compiled/react-dom/cjs/react-dom.development.js:16290:20)
    at beginWork$1 (webpack-internal:///(app-pages-browser)/./node_modules/.pnpm/next@14.2.35_react-dom@18.3.1_react@18.3.1__react@18.3.1/node_modules/next/dist/compiled/react-dom/cjs/react-dom.development.js:18472:16)
    at HTMLUnknownElement.callCallback (webpack-internal:///(app-pages-browser)/./node_modules/.pnpm/next@14.2.35_react-dom@18.3.1_react@18.3.1__react@18.3.1/node_modules/next/dist/compiled/react-dom/cjs/react-dom.development.js:20565:14)
    at Object.invokeGuardedCallbackImpl (webpack-internal:///(app-pages-browser)/./node_modules/.pnpm/next@14.2.35_react-dom@18.3.1_react@18.3.1__react@18.3.1/node_modules/next/dist/compiled/react-dom/cjs/react-dom.development.js:20614:16)
    at invokeGuardedCallback (webpack-internal:///(app-pages-browser)/./node_modules/.pnpm/next@14.2.35_react-dom@18.3.1_react@18.3.1__react@18.3.1/node_modules/next/dist/compiled/react-dom/cjs/react-dom.development.js:20689:29)
    at beginWork (webpack-internal:///(app-pages-browser)/./node_modules/.pnpm/next@14.2.35_react-dom@18.3.1_react@18.3.1__react@18.3.1/node_modules/next/dist/compiled/react-dom/cjs/react-dom.development.js:26949:7)
    at performUnitOfWork (webpack-internal:///(app-pages-browser)/./node_modules/.pnpm/next@14.2.35_react-dom@18.3.1_react@18.3.1__react@18.3.1/node_modules/next/dist/compiled/react-dom/cjs/react-dom.development.js:25748:12)
    at workLoopSync (webpack-internal:///(app-pages-browser)/./node_modules/.pnpm/next@14.2.35_react-dom@18.3.1_react@18.3.1__react@18.3.1/node_modules/next/dist/compiled/react-dom/cjs/react-dom.development.js:25464:5)
    at renderRootSync (webpack-internal:///(app-pages-browser)/./node_modules/.pnpm/next@14.2.35_react-dom@18.3.1_react@18.3.1__react@18.3.1/node_modules/next/dist/compiled/react-dom/cjs/react-dom.development.js:25419:7)
    at performSyncWorkOnRoot (webpack-internal:///(app-pages-browser)/./node_modules/.pnpm/next@14.2.35_react-dom@18.3.1_react@18.3.1__react@18.3.1/node_modules/next/dist/compiled/react-dom/cjs/react-dom.development.js:24887:20)
    at flushSyncWorkAcrossRoots_impl (webpack-internal:///(app-pages-browser)/./node_modules/.pnpm/next@14.2.35_react-dom@18.3.1_react@18.3.1__react@18.3.1/node_modules/next/dist/compiled/react-dom/cjs/react-dom.development.js:7758:13)
    at flushSyncWorkOnAllRoots (webpack-internal:///(app-pages-browser)/./node_modules/.pnpm/next@14.2.35_react-dom@18.3.1_react@18.3.1__react@18.3.1/node_modules/next/dist/compiled/react-dom/cjs/react-dom.development.js:7718:3)
    at flushSync$1 (webpack-internal:///(app-pages-browser)/./node_modules/.pnpm/next@14.2.35_react-dom@18.3.1_react@18.3.1__react@18.3.1/node_modules/next/dist/compiled/react-dom/cjs/react-dom.development.js:24999:7)
    at Object.scheduleRefresh (webpack-internal:///(app-pages-browser)/./node_modules/.pnpm/next@14.2.35_react-dom@18.3.1_react@18.3.1__react@18.3.1/node_modules/next/dist/compiled/react-dom/cjs/react-dom.development.js:27285:5)
    at eval (webpack-internal:///(app-pages-browser)/./node_modules/.pnpm/next@14.2.35_react-dom@18.3.1_react@18.3.1__react@18.3.1/node_modules/next/dist/compiled/react-refresh/cjs/react-refresh-runtime.development.js:265:17)
    at Set.forEach (<anonymous>)
    at Object.performReactRefresh (webpack-internal:///(app-pages-browser)/./node_modules/.pnpm/next@14.2.35_react-dom@18.3.1_react@18.3.1__react@18.3.1/node_modules/next/dist/compiled/react-refresh/cjs/react-refresh-runtime.development.js:254:26)
    at applyUpdate (webpack-internal:///(app-pages-browser)/./node_modules/.pnpm/next@14.2.35_react-dom@18.3.1_react@18.3.1__react@18.3.1/node_modules/next/dist/compiled/@next/react-refresh-utils/dist/internal/helpers.js:139:31)
    at statusHandler (webpack-internal:///(app-pages-browser)/./node_modules/.pnpm/next@14.2.35_react-dom@18.3.1_react@18.3.1__react@18.3.1/node_modules/next/dist/compiled/@next/react-refresh-utils/dist/internal/helpers.js:156:13)
    at setStatus (http://localhost:3000/_next/static/chunks/webpack.js?v=1788966398818:508:55)
    at http://localhost:3000/_next/static/chunks/webpack.js?v=1788966398818:678:21
[ 1033792ms] ReferenceError: HiOutlineClipboardDocumentList is not defined
    at eval (webpack-internal:///(app-pages-browser)/./src/app/(private)/home/_components/ChamadosTable.tsx:331:123)
    at Array.map (<anonymous>)
    at ChamadosTable (webpack-internal:///(app-pages-browser)/./src/app/(private)/home/_components/ChamadosTable.tsx:175:52)
    at renderWithHooks (webpack-internal:///(app-pages-browser)/./node_modules/.pnpm/next@14.2.35_react-dom@18.3.1_react@18.3.1__react@18.3.1/node_modules/next/dist/compiled/react-dom/cjs/react-dom.development.js:11121:18)
    at updateFunctionComponent (webpack-internal:///(app-pages-browser)/./node_modules/.pnpm/next@14.2.35_react-dom@18.3.1_react@18.3.1__react@18.3.1/node_modules/next/dist/compiled/react-dom/cjs/react-dom.development.js:16290:20)
    at beginWork$1 (webpack-internal:///(app-pages-browser)/./node_modules/.pnpm/next@14.2.35_react-dom@18.3.1_react@18.3.1__react@18.3.1/node_modules/next/dist/compiled/react-dom/cjs/react-dom.development.js:18472:16)
    at beginWork (webpack-internal:///(app-pages-browser)/./node_modules/.pnpm/next@14.2.35_react-dom@18.3.1_react@18.3.1__react@18.3.1/node_modules/next/dist/compiled/react-dom/cjs/react-dom.development.js:26927:14)
    at performUnitOfWork (webpack-internal:///(app-pages-browser)/./node_modules/.pnpm/next@14.2.35_react-dom@18.3.1_react@18.3.1__react@18.3.1/node_modules/next/dist/compiled/react-dom/cjs/react-dom.development.js:25748:12)
    at workLoopSync (webpack-internal:///(app-pages-browser)/./node_modules/.pnpm/next@14.2.35_react-dom@18.3.1_react@18.3.1__react@18.3.1/node_modules/next/dist/compiled/react-dom/cjs/react-dom.development.js:25464:5)
    at renderRootSync (webpack-internal:///(app-pages-browser)/./node_modules/.pnpm/next@14.2.35_react-dom@18.3.1_react@18.3.1__react@18.3.1/node_modules/next/dist/compiled/react-dom/cjs/react-dom.development.js:25419:7)
    at performSyncWorkOnRoot (webpack-internal:///(app-pages-browser)/./node_modules/.pnpm/next@14.2.35_react-dom@18.3.1_react@18.3.1__react@18.3.1/node_modules/next/dist/compiled/react-dom/cjs/react-dom.development.js:24887:20)
    at flushSyncWorkAcrossRoots_impl (webpack-internal:///(app-pages-browser)/./node_modules/.pnpm/next@14.2.35_react-dom@18.3.1_react@18.3.1__react@18.3.1/node_modules/next/dist/compiled/react-dom/cjs/react-dom.development.js:7758:13)
    at flushSyncWorkOnAllRoots (webpack-internal:///(app-pages-browser)/./node_modules/.pnpm/next@14.2.35_react-dom@18.3.1_react@18.3.1__react@18.3.1/node_modules/next/dist/compiled/react-dom/cjs/react-dom.development.js:7718:3)
    at flushSync$1 (webpack-internal:///(app-pages-browser)/./node_modules/.pnpm/next@14.2.35_react-dom@18.3.1_react@18.3.1__react@18.3.1/node_modules/next/dist/compiled/react-dom/cjs/react-dom.development.js:24999:7)
    at Object.scheduleRefresh (webpack-internal:///(app-pages-browser)/./node_modules/.pnpm/next@14.2.35_react-dom@18.3.1_react@18.3.1__react@18.3.1/node_modules/next/dist/compiled/react-dom/cjs/react-dom.development.js:27285:5)
    at eval (webpack-internal:///(app-pages-browser)/./node_modules/.pnpm/next@14.2.35_react-dom@18.3.1_react@18.3.1__react@18.3.1/node_modules/next/dist/compiled/react-refresh/cjs/react-refresh-runtime.development.js:265:17)
    at Set.forEach (<anonymous>)
    at Object.performReactRefresh (webpack-internal:///(app-pages-browser)/./node_modules/.pnpm/next@14.2.35_react-dom@18.3.1_react@18.3.1__react@18.3.1/node_modules/next/dist/compiled/react-refresh/cjs/react-refresh-runtime.development.js:254:26)
    at applyUpdate (webpack-internal:///(app-pages-browser)/./node_modules/.pnpm/next@14.2.35_react-dom@18.3.1_react@18.3.1__react@18.3.1/node_modules/next/dist/compiled/@next/react-refresh-utils/dist/internal/helpers.js:139:31)
    at statusHandler (webpack-internal:///(app-pages-browser)/./node_modules/.pnpm/next@14.2.35_react-dom@18.3.1_react@18.3.1__react@18.3.1/node_modules/next/dist/compiled/@next/react-refresh-utils/dist/internal/helpers.js:156:13)
    at setStatus (http://localhost:3000/_next/static/chunks/webpack.js?v=1788966398818:508:55)
    at http://localhost:3000/_next/static/chunks/webpack.js?v=1788966398818:678:21
[ 1033797ms] ReferenceError: HiOutlineClipboardDocumentList is not defined
    at eval (webpack-internal:///(app-pages-browser)/./src/app/(private)/home/_components/ChamadosTable.tsx:331:123)
    at Array.map (<anonymous>)
    at ChamadosTable (webpack-internal:///(app-pages-browser)/./src/app/(private)/home/_components/ChamadosTable.tsx:175:52)
    at renderWithHooks (webpack-internal:///(app-pages-browser)/./node_modules/.pnpm/next@14.2.35_react-dom@18.3.1_react@18.3.1__react@18.3.1/node_modules/next/dist/compiled/react-dom/cjs/react-dom.development.js:11121:18)
    at updateFunctionComponent (webpack-internal:///(app-pages-browser)/./node_modules/.pnpm/next@14.2.35_react-dom@18.3.1_react@18.3.1__react@18.3.1/node_modules/next/dist/compiled/react-dom/cjs/react-dom.development.js:16290:20)
    at beginWork$1 (webpack-internal:///(app-pages-browser)/./node_modules/.pnpm/next@14.2.35_react-dom@18.3.1_react@18.3.1__react@18.3.1/node_modules/next/dist/compiled/react-dom/cjs/react-dom.development.js:18472:16)
    at beginWork (webpack-internal:///(app-pages-browser)/./node_modules/.pnpm/next@14.2.35_react-dom@18.3.1_react@18.3.1__react@18.3.1/node_modules/next/dist/compiled/react-dom/cjs/react-dom.development.js:26927:14)
    at performUnitOfWork (webpack-internal:///(app-pages-browser)/./node_modules/.pnpm/next@14.2.35_react-dom@18.3.1_react@18.3.1__react@18.3.1/node_modules/next/dist/compiled/react-dom/cjs/react-dom.development.js:25748:12)
    at workLoopSync (webpack-internal:///(app-pages-browser)/./node_modules/.pnpm/next@14.2.35_react-dom@18.3.1_react@18.3.1__react@18.3.1/node_modules/next/dist/compiled/react-dom/cjs/react-dom.development.js:25464:5)
    at renderRootSync (webpack-internal:///(app-pages-browser)/./node_modules/.pnpm/next@14.2.35_react-dom@18.3.1_react@18.3.1__react@18.3.1/node_modules/next/dist/compiled/react-dom/cjs/react-dom.development.js:25419:7)
    at performSyncWorkOnRoot (webpack-internal:///(app-pages-browser)/./node_modules/.pnpm/next@14.2.35_react-dom@18.3.1_react@18.3.1__react@18.3.1/node_modules/next/dist/compiled/react-dom/cjs/react-dom.development.js:24887:20)
    at flushSyncWorkAcrossRoots_impl (webpack-internal:///(app-pages-browser)/./node_modules/.pnpm/next@14.2.35_react-dom@18.3.1_react@18.3.1__react@18.3.1/node_modules/next/dist/compiled/react-dom/cjs/react-dom.development.js:7758:13)
    at flushSyncWorkOnAllRoots (webpack-internal:///(app-pages-browser)/./node_modules/.pnpm/next@14.2.35_react-dom@18.3.1_react@18.3.1__react@18.3.1/node_modules/next/dist/compiled/react-dom/cjs/react-dom.development.js:7718:3)
    at flushSync$1 (webpack-internal:///(app-pages-browser)/./node_modules/.pnpm/next@14.2.35_react-dom@18.3.1_react@18.3.1__react@18.3.1/node_modules/next/dist/compiled/react-dom/cjs/react-dom.development.js:24999:7)
    at Object.scheduleRefresh (webpack-internal:///(app-pages-browser)/./node_modules/.pnpm/next@14.2.35_react-dom@18.3.1_react@18.3.1__react@18.3.1/node_modules/next/dist/compiled/react-dom/cjs/react-dom.development.js:27285:5)
    at eval (webpack-internal:///(app-pages-browser)/./node_modules/.pnpm/next@14.2.35_react-dom@18.3.1_react@18.3.1__react@18.3.1/node_modules/next/dist/compiled/react-refresh/cjs/react-refresh-runtime.development.js:265:17)
    at Set.forEach (<anonymous>)
    at Object.performReactRefresh (webpack-internal:///(app-pages-browser)/./node_modules/.pnpm/next@14.2.35_react-dom@18.3.1_react@18.3.1__react@18.3.1/node_modules/next/dist/compiled/react-refresh/cjs/react-refresh-runtime.development.js:254:26)
    at applyUpdate (webpack-internal:///(app-pages-browser)/./node_modules/.pnpm/next@14.2.35_react-dom@18.3.1_react@18.3.1__react@18.3.1/node_modules/next/dist/compiled/@next/react-refresh-utils/dist/internal/helpers.js:139:31)
    at statusHandler (webpack-internal:///(app-pages-browser)/./node_modules/.pnpm/next@14.2.35_react-dom@18.3.1_react@18.3.1__react@18.3.1/node_modules/next/dist/compiled/@next/react-refresh-utils/dist/internal/helpers.js:156:13)
    at setStatus (http://localhost:3000/_next/static/chunks/webpack.js?v=1788966398818:508:55)
    at http://localhost:3000/_next/static/chunks/webpack.js?v=1788966398818:678:21
[ 1033798ms] ReferenceError: HiOutlineClipboardDocumentList is not defined
    at eval (webpack-internal:///(app-pages-browser)/./src/app/(private)/home/_components/ChamadosTable.tsx:331:123)
    at Array.map (<anonymous>)
    at ChamadosTable (webpack-internal:///(app-pages-browser)/./src/app/(private)/home/_components/ChamadosTable.tsx:175:52)
    at renderWithHooks (webpack-internal:///(app-pages-browser)/./node_modules/.pnpm/next@14.2.35_react-dom@18.3.1_react@18.3.1__react@18.3.1/node_modules/next/dist/compiled/react-dom/cjs/react-dom.development.js:11121:18)
    at updateFunctionComponent (webpack-internal:///(app-pages-browser)/./node_modules/.pnpm/next@14.2.35_react-dom@18.3.1_react@18.3.1__react@18.3.1/node_modules/next/dist/compiled/react-dom/cjs/react-dom.development.js:16290:20)
    at beginWork$1 (webpack-internal:///(app-pages-browser)/./node_modules/.pnpm/next@14.2.35_react-dom@18.3.1_react@18.3.1__react@18.3.1/node_modules/next/dist/compiled/react-dom/cjs/react-dom.development.js:18472:16)
    at beginWork (webpack-internal:///(app-pages-browser)/./node_modules/.pnpm/next@14.2.35_react-dom@18.3.1_react@18.3.1__react@18.3.1/node_modules/next/dist/compiled/react-dom/cjs/react-dom.development.js:26927:14)
    at performUnitOfWork (webpack-internal:///(app-pages-browser)/./node_modules/.pnpm/next@14.2.35_react-dom@18.3.1_react@18.3.1__react@18.3.1/node_modules/next/dist/compiled/react-dom/cjs/react-dom.development.js:25748:12)
    at workLoopSync (webpack-internal:///(app-pages-browser)/./node_modules/.pnpm/next@14.2.35_react-dom@18.3.1_react@18.3.1__react@18.3.1/node_modules/next/dist/compiled/react-dom/cjs/react-dom.development.js:25464:5)
    at renderRootSync (webpack-internal:///(app-pages-browser)/./node_modules/.pnpm/next@14.2.35_react-dom@18.3.1_react@18.3.1__react@18.3.1/node_modules/next/dist/compiled/react-dom/cjs/react-dom.development.js:25419:7)
    at performSyncWorkOnRoot (webpack-internal:///(app-pages-browser)/./node_modules/.pnpm/next@14.2.35_react-dom@18.3.1_react@18.3.1__react@18.3.1/node_modules/next/dist/compiled/react-dom/cjs/react-dom.development.js:24887:20)
    at flushSyncWorkAcrossRoots_impl (webpack-internal:///(app-pages-browser)/./node_modules/.pnpm/next@14.2.35_react-dom@18.3.1_react@18.3.1__react@18.3.1/node_modules/next/dist/compiled/react-dom/cjs/react-dom.development.js:7758:13)
    at flushSyncWorkOnAllRoots (webpack-internal:///(app-pages-browser)/./node_modules/.pnpm/next@14.2.35_react-dom@18.3.1_react@18.3.1__react@18.3.1/node_modules/next/dist/compiled/react-dom/cjs/react-dom.development.js:7718:3)
    at flushSync$1 (webpack-internal:///(app-pages-browser)/./node_modules/.pnpm/next@14.2.35_react-dom@18.3.1_react@18.3.1__react@18.3.1/node_modules/next/dist/compiled/react-dom/cjs/react-dom.development.js:24999:7)
    at Object.scheduleRefresh (webpack-internal:///(app-pages-browser)/./node_modules/.pnpm/next@14.2.35_react-dom@18.3.1_react@18.3.1__react@18.3.1/node_modules/next/dist/compiled/react-dom/cjs/react-dom.development.js:27285:5)
    at eval (webpack-internal:///(app-pages-browser)/./node_modules/.pnpm/next@14.2.35_react-dom@18.3.1_react@18.3.1__react@18.3.1/node_modules/next/dist/compiled/react-refresh/cjs/react-refresh-runtime.development.js:265:17)
    at Set.forEach (<anonymous>)
    at Object.performReactRefresh (webpack-internal:///(app-pages-browser)/./node_modules/.pnpm/next@14.2.35_react-dom@18.3.1_react@18.3.1__react@18.3.1/node_modules/next/dist/compiled/react-refresh/cjs/react-refresh-runtime.development.js:254:26)
    at applyUpdate (webpack-internal:///(app-pages-browser)/./node_modules/.pnpm/next@14.2.35_react-dom@18.3.1_react@18.3.1__react@18.3.1/node_modules/next/dist/compiled/@next/react-refresh-utils/dist/internal/helpers.js:139:31)
    at statusHandler (webpack-internal:///(app-pages-browser)/./node_modules/.pnpm/next@14.2.35_react-dom@18.3.1_react@18.3.1__react@18.3.1/node_modules/next/dist/compiled/@next/react-refresh-utils/dist/internal/helpers.js:156:13)
    at setStatus (http://localhost:3000/_next/static/chunks/webpack.js?v=1788966398818:508:55)
    at http://localhost:3000/_next/static/chunks/webpack.js?v=1788966398818:678:21
[ 1033798ms] ReferenceError: HiOutlineClipboardDocumentList is not defined
    at eval (webpack-internal:///(app-pages-browser)/./src/app/(private)/home/_components/ChamadosTable.tsx:331:123)
    at Array.map (<anonymous>)
    at ChamadosTable (webpack-internal:///(app-pages-browser)/./src/app/(private)/home/_components/ChamadosTable.tsx:175:52)
    at renderWithHooks (webpack-internal:///(app-pages-browser)/./node_modules/.pnpm/next@14.2.35_react-dom@18.3.1_react@18.3.1__react@18.3.1/node_modules/next/dist/compiled/react-dom/cjs/react-dom.development.js:11121:18)
    at updateFunctionComponent (webpack-internal:///(app-pages-browser)/./node_modules/.pnpm/next@14.2.35_react-dom@18.3.1_react@18.3.1__react@18.3.1/node_modules/next/dist/compiled/react-dom/cjs/react-dom.development.js:16290:20)
    at beginWork$1 (webpack-internal:///(app-pages-browser)/./node_modules/.pnpm/next@14.2.35_react-dom@18.3.1_react@18.3.1__react@18.3.1/node_modules/next/dist/compiled/react-dom/cjs/react-dom.development.js:18472:16)
    at beginWork (webpack-internal:///(app-pages-browser)/./node_modules/.pnpm/next@14.2.35_react-dom@18.3.1_react@18.3.1__react@18.3.1/node_modules/next/dist/compiled/react-dom/cjs/react-dom.development.js:26927:14)
    at performUnitOfWork (webpack-internal:///(app-pages-browser)/./node_modules/.pnpm/next@14.2.35_react-dom@18.3.1_react@18.3.1__react@18.3.1/node_modules/next/dist/compiled/react-dom/cjs/react-dom.development.js:25748:12)
    at workLoopSync (webpack-internal:///(app-pages-browser)/./node_modules/.pnpm/next@14.2.35_react-dom@18.3.1_react@18.3.1__react@18.3.1/node_modules/next/dist/compiled/react-dom/cjs/react-dom.development.js:25464:5)
    at renderRootSync (webpack-internal:///(app-pages-browser)/./node_modules/.pnpm/next@14.2.35_react-dom@18.3.1_react@18.3.1__react@18.3.1/node_modules/next/dist/compiled/react-dom/cjs/react-dom.development.js:25419:7)
    at performSyncWorkOnRoot (webpack-internal:///(app-pages-browser)/./node_modules/.pnpm/next@14.2.35_react-dom@18.3.1_react@18.3.1__react@18.3.1/node_modules/next/dist/compiled/react-dom/cjs/react-dom.development.js:24887:20)
    at flushSyncWorkAcrossRoots_impl (webpack-internal:///(app-pages-browser)/./node_modules/.pnpm/next@14.2.35_react-dom@18.3.1_react@18.3.1__react@18.3.1/node_modules/next/dist/compiled/react-dom/cjs/react-dom.development.js:7758:13)
    at flushSyncWorkOnAllRoots (webpack-internal:///(app-pages-browser)/./node_modules/.pnpm/next@14.2.35_react-dom@18.3.1_react@18.3.1__react@18.3.1/node_modules/next/dist/compiled/react-dom/cjs/react-dom.development.js:7718:3)
    at flushSync$1 (webpack-internal:///(app-pages-browser)/./node_modules/.pnpm/next@14.2.35_react-dom@18.3.1_react@18.3.1__react@18.3.1/node_modules/next/dist/compiled/react-dom/cjs/react-dom.development.js:24999:7)
    at Object.scheduleRefresh (webpack-internal:///(app-pages-browser)/./node_modules/.pnpm/next@14.2.35_react-dom@18.3.1_react@18.3.1__react@18.3.1/node_modules/next/dist/compiled/react-dom/cjs/react-dom.development.js:27285:5)
    at eval (webpack-internal:///(app-pages-browser)/./node_modules/.pnpm/next@14.2.35_react-dom@18.3.1_react@18.3.1__react@18.3.1/node_modules/next/dist/compiled/react-refresh/cjs/react-refresh-runtime.development.js:265:17)
    at Set.forEach (<anonymous>)
    at Object.performReactRefresh (webpack-internal:///(app-pages-browser)/./node_modules/.pnpm/next@14.2.35_react-dom@18.3.1_react@18.3.1__react@18.3.1/node_modules/next/dist/compiled/react-refresh/cjs/react-refresh-runtime.development.js:254:26)
    at applyUpdate (webpack-internal:///(app-pages-browser)/./node_modules/.pnpm/next@14.2.35_react-dom@18.3.1_react@18.3.1__react@18.3.1/node_modules/next/dist/compiled/@next/react-refresh-utils/dist/internal/helpers.js:139:31)
    at statusHandler (webpack-internal:///(app-pages-browser)/./node_modules/.pnpm/next@14.2.35_react-dom@18.3.1_react@18.3.1__react@18.3.1/node_modules/next/dist/compiled/@next/react-refresh-utils/dist/internal/helpers.js:156:13)
    at setStatus (http://localhost:3000/_next/static/chunks/webpack.js?v=1788966398818:508:55)
    at http://localhost:3000/_next/static/chunks/webpack.js?v=1788966398818:678:21
[ 1033798ms] ReferenceError: HiOutlineClipboardDocumentList is not defined
    at eval (webpack-internal:///(app-pages-browser)/./src/app/(private)/home/_components/ChamadosTable.tsx:331:123)
    at Array.map (<anonymous>)
    at ChamadosTable (webpack-internal:///(app-pages-browser)/./src/app/(private)/home/_components/ChamadosTable.tsx:175:52)
    at renderWithHooks (webpack-internal:///(app-pages-browser)/./node_modules/.pnpm/next@14.2.35_react-dom@18.3.1_react@18.3.1__react@18.3.1/node_modules/next/dist/compiled/react-dom/cjs/react-dom.development.js:11121:18)
    at updateFunctionComponent (webpack-internal:///(app-pages-browser)/./node_modules/.pnpm/next@14.2.35_react-dom@18.3.1_react@18.3.1__react@18.3.1/node_modules/next/dist/compiled/react-dom/cjs/react-dom.development.js:16290:20)
    at beginWork$1 (webpack-internal:///(app-pages-browser)/./node_modules/.pnpm/next@14.2.35_react-dom@18.3.1_react@18.3.1__react@18.3.1/node_modules/next/dist/compiled/react-dom/cjs/react-dom.development.js:18472:16)
    at beginWork (webpack-internal:///(app-pages-browser)/./node_modules/.pnpm/next@14.2.35_react-dom@18.3.1_react@18.3.1__react@18.3.1/node_modules/next/dist/compiled/react-dom/cjs/react-dom.development.js:26927:14)
    at performUnitOfWork (webpack-internal:///(app-pages-browser)/./node_modules/.pnpm/next@14.2.35_react-dom@18.3.1_react@18.3.1__react@18.3.1/node_modules/next/dist/compiled/react-dom/cjs/react-dom.development.js:25748:12)
    at workLoopSync (webpack-internal:///(app-pages-browser)/./node_modules/.pnpm/next@14.2.35_react-dom@18.3.1_react@18.3.1__react@18.3.1/node_modules/next/dist/compiled/react-dom/cjs/react-dom.development.js:25464:5)
    at renderRootSync (webpack-internal:///(app-pages-browser)/./node_modules/.pnpm/next@14.2.35_react-dom@18.3.1_react@18.3.1__react@18.3.1/node_modules/next/dist/compiled/react-dom/cjs/react-dom.development.js:25419:7)
    at performSyncWorkOnRoot (webpack-internal:///(app-pages-browser)/./node_modules/.pnpm/next@14.2.35_react-dom@18.3.1_react@18.3.1__react@18.3.1/node_modules/next/dist/compiled/react-dom/cjs/react-dom.development.js:24887:20)
    at flushSyncWorkAcrossRoots_impl (webpack-internal:///(app-pages-browser)/./node_modules/.pnpm/next@14.2.35_react-dom@18.3.1_react@18.3.1__react@18.3.1/node_modules/next/dist/compiled/react-dom/cjs/react-dom.development.js:7758:13)
    at flushSyncWorkOnAllRoots (webpack-internal:///(app-pages-browser)/./node_modules/.pnpm/next@14.2.35_react-dom@18.3.1_react@18.3.1__react@18.3.1/node_modules/next/dist/compiled/react-dom/cjs/react-dom.development.js:7718:3)
    at flushSync$1 (webpack-internal:///(app-pages-browser)/./node_modules/.pnpm/next@14.2.35_react-dom@18.3.1_react@18.3.1__react@18.3.1/node_modules/next/dist/compiled/react-dom/cjs/react-dom.development.js:24999:7)
    at Object.scheduleRefresh (webpack-internal:///(app-pages-browser)/./node_modules/.pnpm/next@14.2.35_react-dom@18.3.1_react@18.3.1__react@18.3.1/node_modules/next/dist/compiled/react-dom/cjs/react-dom.development.js:27285:5)
    at eval (webpack-internal:///(app-pages-browser)/./node_modules/.pnpm/next@14.2.35_react-dom@18.3.1_react@18.3.1__react@18.3.1/node_modules/next/dist/compiled/react-refresh/cjs/react-refresh-runtime.development.js:265:17)
    at Set.forEach (<anonymous>)
    at Object.performReactRefresh (webpack-internal:///(app-pages-browser)/./node_modules/.pnpm/next@14.2.35_react-dom@18.3.1_react@18.3.1__react@18.3.1/node_modules/next/dist/compiled/react-refresh/cjs/react-refresh-runtime.development.js:254:26)
    at applyUpdate (webpack-internal:///(app-pages-browser)/./node_modules/.pnpm/next@14.2.35_react-dom@18.3.1_react@18.3.1__react@18.3.1/node_modules/next/dist/compiled/@next/react-refresh-utils/dist/internal/helpers.js:139:31)
    at statusHandler (webpack-internal:///(app-pages-browser)/./node_modules/.pnpm/next@14.2.35_react-dom@18.3.1_react@18.3.1__react@18.3.1/node_modules/next/dist/compiled/@next/react-refresh-utils/dist/internal/helpers.js:156:13)
    at setStatus (http://localhost:3000/_next/static/chunks/webpack.js?v=1788966398818:508:55)
    at http://localhost:3000/_next/static/chunks/webpack.js?v=1788966398818:678:21
[ 1033798ms] ReferenceError: HiOutlineClipboardDocumentList is not defined
    at eval (webpack-internal:///(app-pages-browser)/./src/app/(private)/home/_components/ChamadosTable.tsx:331:123)
    at Array.map (<anonymous>)
    at ChamadosTable (webpack-internal:///(app-pages-browser)/./src/app/(private)/home/_components/ChamadosTable.tsx:175:52)
    at renderWithHooks (webpack-internal:///(app-pages-browser)/./node_modules/.pnpm/next@14.2.35_react-dom@18.3.1_react@18.3.1__react@18.3.1/node_modules/next/dist/compiled/react-dom/cjs/react-dom.development.js:11121:18)
    at updateFunctionComponent (webpack-internal:///(app-pages-browser)/./node_modules/.pnpm/next@14.2.35_react-dom@18.3.1_react@18.3.1__react@18.3.1/node_modules/next/dist/compiled/react-dom/cjs/react-dom.development.js:16290:20)
    at beginWork$1 (webpack-internal:///(app-pages-browser)/./node_modules/.pnpm/next@14.2.35_react-dom@18.3.1_react@18.3.1__react@18.3.1/node_modules/next/dist/compiled/react-dom/cjs/react-dom.development.js:18472:16)
    at beginWork (webpack-internal:///(app-pages-browser)/./node_modules/.pnpm/next@14.2.35_react-dom@18.3.1_react@18.3.1__react@18.3.1/node_modules/next/dist/compiled/react-dom/cjs/react-dom.development.js:26927:14)
    at performUnitOfWork (webpack-internal:///(app-pages-browser)/./node_modules/.pnpm/next@14.2.35_react-dom@18.3.1_react@18.3.1__react@18.3.1/node_modules/next/dist/compiled/react-dom/cjs/react-dom.development.js:25748:12)
    at workLoopSync (webpack-internal:///(app-pages-browser)/./node_modules/.pnpm/next@14.2.35_react-dom@18.3.1_react@18.3.1__react@18.3.1/node_modules/next/dist/compiled/react-dom/cjs/react-dom.development.js:25464:5)
    at renderRootSync (webpack-internal:///(app-pages-browser)/./node_modules/.pnpm/next@14.2.35_react-dom@18.3.1_react@18.3.1__react@18.3.1/node_modules/next/dist/compiled/react-dom/cjs/react-dom.development.js:25419:7)
    at performSyncWorkOnRoot (webpack-internal:///(app-pages-browser)/./node_modules/.pnpm/next@14.2.35_react-dom@18.3.1_react@18.3.1__react@18.3.1/node_modules/next/dist/compiled/react-dom/cjs/react-dom.development.js:24887:20)
    at flushSyncWorkAcrossRoots_impl (webpack-internal:///(app-pages-browser)/./node_modules/.pnpm/next@14.2.35_react-dom@18.3.1_react@18.3.1__react@18.3.1/node_modules/next/dist/compiled/react-dom/cjs/react-dom.development.js:7758:13)
    at flushSyncWorkOnAllRoots (webpack-internal:///(app-pages-browser)/./node_modules/.pnpm/next@14.2.35_react-dom@18.3.1_react@18.3.1__react@18.3.1/node_modules/next/dist/compiled/react-dom/cjs/react-dom.development.js:7718:3)
    at flushSync$1 (webpack-internal:///(app-pages-browser)/./node_modules/.pnpm/next@14.2.35_react-dom@18.3.1_react@18.3.1__react@18.3.1/node_modules/next/dist/compiled/react-dom/cjs/react-dom.development.js:24999:7)
    at Object.scheduleRefresh (webpack-internal:///(app-pages-browser)/./node_modules/.pnpm/next@14.2.35_react-dom@18.3.1_react@18.3.1__react@18.3.1/node_modules/next/dist/compiled/react-dom/cjs/react-dom.development.js:27285:5)
    at eval (webpack-internal:///(app-pages-browser)/./node_modules/.pnpm/next@14.2.35_react-dom@18.3.1_react@18.3.1__react@18.3.1/node_modules/next/dist/compiled/react-refresh/cjs/react-refresh-runtime.development.js:265:17)
    at Set.forEach (<anonymous>)
    at Object.performReactRefresh (webpack-internal:///(app-pages-browser)/./node_modules/.pnpm/next@14.2.35_react-dom@18.3.1_react@18.3.1__react@18.3.1/node_modules/next/dist/compiled/react-refresh/cjs/react-refresh-runtime.development.js:254:26)
    at applyUpdate (webpack-internal:///(app-pages-browser)/./node_modules/.pnpm/next@14.2.35_react-dom@18.3.1_react@18.3.1__react@18.3.1/node_modules/next/dist/compiled/@next/react-refresh-utils/dist/internal/helpers.js:139:31)
    at statusHandler (webpack-internal:///(app-pages-browser)/./node_modules/.pnpm/next@14.2.35_react-dom@18.3.1_react@18.3.1__react@18.3.1/node_modules/next/dist/compiled/@next/react-refresh-utils/dist/internal/helpers.js:156:13)
    at setStatus (http://localhost:3000/_next/static/chunks/webpack.js?v=1788966398818:508:55)
    at http://localhost:3000/_next/static/chunks/webpack.js?v=1788966398818:678:21
[ 1033799ms] ReferenceError: HiOutlineClipboardDocumentList is not defined
    at eval (webpack-internal:///(app-pages-browser)/./src/app/(private)/home/_components/ChamadosTable.tsx:331:123)
    at Array.map (<anonymous>)
    at ChamadosTable (webpack-internal:///(app-pages-browser)/./src/app/(private)/home/_components/ChamadosTable.tsx:175:52)
    at renderWithHooks (webpack-internal:///(app-pages-browser)/./node_modules/.pnpm/next@14.2.35_react-dom@18.3.1_react@18.3.1__react@18.3.1/node_modules/next/dist/compiled/react-dom/cjs/react-dom.development.js:11121:18)
    at updateFunctionComponent (webpack-internal:///(app-pages-browser)/./node_modules/.pnpm/next@14.2.35_react-dom@18.3.1_react@18.3.1__react@18.3.1/node_modules/next/dist/compiled/react-dom/cjs/react-dom.development.js:16290:20)
    at beginWork$1 (webpack-internal:///(app-pages-browser)/./node_modules/.pnpm/next@14.2.35_react-dom@18.3.1_react@18.3.1__react@18.3.1/node_modules/next/dist/compiled/react-dom/cjs/react-dom.development.js:18472:16)
    at beginWork (webpack-internal:///(app-pages-browser)/./node_modules/.pnpm/next@14.2.35_react-dom@18.3.1_react@18.3.1__react@18.3.1/node_modules/next/dist/compiled/react-dom/cjs/react-dom.development.js:26927:14)
    at performUnitOfWork (webpack-internal:///(app-pages-browser)/./node_modules/.pnpm/next@14.2.35_react-dom@18.3.1_react@18.3.1__react@18.3.1/node_modules/next/dist/compiled/react-dom/cjs/react-dom.development.js:25748:12)
    at workLoopSync (webpack-internal:///(app-pages-browser)/./node_modules/.pnpm/next@14.2.35_react-dom@18.3.1_react@18.3.1__react@18.3.1/node_modules/next/dist/compiled/react-dom/cjs/react-dom.development.js:25464:5)
    at renderRootSync (webpack-internal:///(app-pages-browser)/./node_modules/.pnpm/next@14.2.35_react-dom@18.3.1_react@18.3.1__react@18.3.1/node_modules/next/dist/compiled/react-dom/cjs/react-dom.development.js:25419:7)
    at performSyncWorkOnRoot (webpack-internal:///(app-pages-browser)/./node_modules/.pnpm/next@14.2.35_react-dom@18.3.1_react@18.3.1__react@18.3.1/node_modules/next/dist/compiled/react-dom/cjs/react-dom.development.js:24887:20)
    at flushSyncWorkAcrossRoots_impl (webpack-internal:///(app-pages-browser)/./node_modules/.pnpm/next@14.2.35_react-dom@18.3.1_react@18.3.1__react@18.3.1/node_modules/next/dist/compiled/react-dom/cjs/react-dom.development.js:7758:13)
    at flushSyncWorkOnAllRoots (webpack-internal:///(app-pages-browser)/./node_modules/.pnpm/next@14.2.35_react-dom@18.3.1_react@18.3.1__react@18.3.1/node_modules/next/dist/compiled/react-dom/cjs/react-dom.development.js:7718:3)
    at flushSync$1 (webpack-internal:///(app-pages-browser)/./node_modules/.pnpm/next@14.2.35_react-dom@18.3.1_react@18.3.1__react@18.3.1/node_modules/next/dist/compiled/react-dom/cjs/react-dom.development.js:24999:7)
    at Object.scheduleRefresh (webpack-internal:///(app-pages-browser)/./node_modules/.pnpm/next@14.2.35_react-dom@18.3.1_react@18.3.1__react@18.3.1/node_modules/next/dist/compiled/react-dom/cjs/react-dom.development.js:27285:5)
    at eval (webpack-internal:///(app-pages-browser)/./node_modules/.pnpm/next@14.2.35_react-dom@18.3.1_react@18.3.1__react@18.3.1/node_modules/next/dist/compiled/react-refresh/cjs/react-refresh-runtime.development.js:265:17)
    at Set.forEach (<anonymous>)
    at Object.performReactRefresh (webpack-internal:///(app-pages-browser)/./node_modules/.pnpm/next@14.2.35_react-dom@18.3.1_react@18.3.1__react@18.3.1/node_modules/next/dist/compiled/react-refresh/cjs/react-refresh-runtime.development.js:254:26)
    at applyUpdate (webpack-internal:///(app-pages-browser)/./node_modules/.pnpm/next@14.2.35_react-dom@18.3.1_react@18.3.1__react@18.3.1/node_modules/next/dist/compiled/@next/react-refresh-utils/dist/internal/helpers.js:139:31)
    at statusHandler (webpack-internal:///(app-pages-browser)/./node_modules/.pnpm/next@14.2.35_react-dom@18.3.1_react@18.3.1__react@18.3.1/node_modules/next/dist/compiled/@next/react-refresh-utils/dist/internal/helpers.js:156:13)
    at setStatus (http://localhost:3000/_next/static/chunks/webpack.js?v=1788966398818:508:55)
    at http://localhost:3000/_next/static/chunks/webpack.js?v=1788966398818:678:21
[ 1033803ms] [ERROR] The above error occurred in the <NotFoundErrorBoundary> component:

    at ChamadosTable (webpack-internal:///(app-pages-browser)/./src/app/(private)/home/_components/ChamadosTable.tsx:63:11)
    at div
    at section
    at div
    at main
    at Home (webpack-internal:///(app-pages-browser)/./src/app/(private)/home/page.tsx:49:90)
    at ClientPageRoot (webpack-internal:///(app-pages-browser)/./node_modules/.pnpm/next@14.2.35_react-dom@18.3.1_react@18.3.1__react@18.3.1/node_modules/next/dist/client/components/client-page.js:14:11)
    at InnerLayoutRouter (webpack-internal:///(app-pages-browser)/./node_modules/.pnpm/next@14.2.35_react-dom@18.3.1_react@18.3.1__react@18.3.1/node_modules/next/dist/client/components/layout-router.js:243:11)
    at RedirectErrorBoundary (webpack-internal:///(app-pages-browser)/./node_modules/.pnpm/next@14.2.35_react-dom@18.3.1_react@18.3.1__react@18.3.1/node_modules/next/dist/client/components/redirect-boundary.js:74:9)
    at RedirectBoundary (webpack-internal:///(app-pages-browser)/./node_modules/.pnpm/next@14.2.35_react-dom@18.3.1_react@18.3.1__react@18.3.1/node_modules/next/dist/client/components/redirect-boundary.js:82:11)
    at NotFoundBoundary (webpack-internal:///(app-pages-browser)/./node_modules/.pnpm/next@14.2.35_react-dom@18.3.1_react@18.3.1__react@18.3.1/node_modules/next/dist/client/components/not-found-boundary.js:84:11)
    at LoadingBoundary (webpack-internal:///(app-pages-browser)/./node_modules/.pnpm/next@14.2.35_react-dom@18.3.1_react@18.3.1__react@18.3.1/node_modules/next/dist/client/components/layout-router.js:349:11)
    at ErrorBoundary (webpack-internal:///(app-pages-browser)/./node_modules/.pnpm/next@14.2.35_react-dom@18.3.1_react@18.3.1__react@18.3.1/node_modules/next/dist/client/components/error-boundary.js:160:11)
    at InnerScrollAndFocusHandler (webpack-internal:///(app-pages-browser)/./node_modules/.pnpm/next@14.2.35_react-dom@18.3.1_react@18.3.1__react@18.3.1/node_modules/next/dist/client/components/layout-router.js:153:9)
    at ScrollAndFocusHandler (webpack-internal:///(app-pages-browser)/./node_modules/.pnpm/next@14.2.35_react-dom@18.3.1_react@18.3.1__react@18.3.1/node_modules/next/dist/client/components/layout-router.js:228:11)
    at RenderFromTemplateContext (webpack-internal:///(app-pages-browser)/./node_modules/.pnpm/next@14.2.35_react-dom@18.3.1_react@18.3.1__react@18.3.1/node_modules/next/dist/client/components/render-from-template-context.js:16:44)
    at OuterLayoutRouter (webpack-internal:///(app-pages-browser)/./node_modules/.pnpm/next@14.2.35_react-dom@18.3.1_react@18.3.1__react@18.3.1/node_modules/next/dist/client/components/layout-router.js:370:11)
    at InnerLayoutRouter (webpack-internal:///(app-pages-browser)/./node_modules/.pnpm/next@14.2.35_react-dom@18.3.1_react@18.3.1__react@18.3.1/node_modules/next/dist/client/components/layout-router.js:243:11)
    at RedirectErrorBoundary (webpack-internal:///(app-pages-browser)/./node_modules/.pnpm/next@14.2.35_react-dom@18.3.1_react@18.3.1__react@18.3.1/node_modules/next/dist/client/components/redirect-boundary.js:74:9)
    at RedirectBoundary (webpack-internal:///(app-pages-browser)/./node_modules/.pnpm/next@14.2.35_react-dom@18.3.1_react@18.3.1__react@18.3.1/node_modules/next/dist/client/components/redirect-boundary.js:82:11)
    at NotFoundErrorBoundary (webpack-internal:///(app-pages-browser)/./node_modules/.pnpm/next@14.2.35_react-dom@18.3.1_react@18.3.1__react@18.3.1/node_modules/next/dist/client/components/not-found-boundary.js:76:9)
    at NotFoundBoundary (webpack-internal:///(app-pages-browser)/./node_modules/.pnpm/next@14.2.35_react-dom@18.3.1_react@18.3.1__react@18.3.1/node_modules/next/dist/client/components/not-found-boundary.js:84:11)
    at LoadingBoundary (webpack-internal:///(app-pages-browser)/./node_modules/.pnpm/next@14.2.35_react-dom@18.3.1_react@18.3.1__react@18.3.1/node_modules/next/dist/client/components/layout-router.js:349:11)
    at ErrorBoundary (webpack-internal:///(app-pages-browser)/./node_modules/.pnpm/next@14.2.35_react-dom@18.3.1_react@18.3.1__react@18.3.1/node_modules/next/dist/client/components/error-boundary.js:160:11)
    at InnerScrollAndFocusHandler (webpack-internal:///(app-pages-browser)/./node_modules/.pnpm/next@14.2.35_react-dom@18.3.1_react@18.3.1__react@18.3.1/node_modules/next/dist/client/components/layout-router.js:153:9)
    at ScrollAndFocusHandler (webpack-internal:///(app-pages-browser)/./node_modules/.pnpm/next@14.2.35_react-dom@18.3.1_react@18.3.1__react@18.3.1/node_modules/next/dist/client/components/layout-router.js:228:11)
    at RenderFromTemplateContext (webpack-internal:///(app-pages-browser)/./node_modules/.pnpm/next@14.2.35_react-dom@18.3.1_react@18.3.1__react@18.3.1/node_modules/next/dist/client/components/render-from-template-context.js:16:44)
    at OuterLayoutRouter (webpack-internal:///(app-pages-browser)/./node_modules/.pnpm/next@14.2.35_react-dom@18.3.1_react@18.3.1__react@18.3.1/node_modules/next/dist/client/components/layout-router.js:370:11)
    at InnerLayoutRouter (webpack-internal:///(app-pages-browser)/./node_modules/.pnpm/next@14.2.35_react-dom@18.3.1_react@18.3.1__react@18.3.1/node_modules/next/dist/client/components/layout-router.js:243:11)
    at RedirectErrorBoundary (webpack-internal:///(app-pages-browser)/./node_modules/.pnpm/next@14.2.35_react-dom@18.3.1_react@18.3.1__react@18.3.1/node_modules/next/dist/client/components/redirect-boundary.js:74:9)
    at RedirectBoundary (webpack-internal:///(app-pages-browser)/./node_modules/.pnpm/next@14.2.35_react-dom@18.3.1_react@18.3.1__react@18.3.1/node_modules/next/dist/client/components/redirect-boundary.js:82:11)
    at NotFoundErrorBoundary (webpack-internal:///(app-pages-browser)/./node_modules/.pnpm/next@14.2.35_react-dom@18.3.1_react@18.3.1__react@18.3.1/node_modules/next/dist/client/components/not-found-boundary.js:76:9)
    at NotFoundBoundary (webpack-internal:///(app-pages-browser)/./node_modules/.pnpm/next@14.2.35_react-dom@18.3.1_react@18.3.1__react@18.3.1/node_modules/next/dist/client/components/not-found-boundary.js:84:11)
    at LoadingBoundary (webpack-internal:///(app-pages-browser)/./node_modules/.pnpm/next@14.2.35_react-dom@18.3.1_react@18.3.1__react@18.3.1/node_modules/next/dist/client/components/layout-router.js:349:11)
    at ErrorBoundary (webpack-internal:///(app-pages-browser)/./node_modules/.pnpm/next@14.2.35_react-dom@18.3.1_react@18.3.1__react@18.3.1/node_modules/next/dist/client/components/error-boundary.js:160:11)
    at InnerScrollAndFocusHandler (webpack-internal:///(app-pages-browser)/./node_modules/.pnpm/next@14.2.35_react-dom@18.3.1_react@18.3.1__react@18.3.1/node_modules/next/dist/client/components/layout-router.js:153:9)
    at ScrollAndFocusHandler (webpack-internal:///(app-pages-browser)/./node_modules/.pnpm/next@14.2.35_react-dom@18.3.1_react@18.3.1__react@18.3.1/node_modules/next/dist/client/components/layout-router.js:228:11)
    at RenderFromTemplateContext (webpack-internal:///(app-pages-browser)/./node_modules/.pnpm/next@14.2.35_react-dom@18.3.1_react@18.3.1__react@18.3.1/node_modules/next/dist/client/components/render-from-template-context.js:16:44)
    at OuterLayoutRouter (webpack-internal:///(app-pages-browser)/./node_modules/.pnpm/next@14.2.35_react-dom@18.3.1_react@18.3.1__react@18.3.1/node_modules/next/dist/client/components/layout-router.js:370:11)
    at body
    at html
    at SessionProvider (webpack-internal:///(app-pages-browser)/./node_modules/.pnpm/next-auth@4.24.14_next@14.2_3c6995bb7fe1b51c92ddd1c1f45f2e25/node_modules/next-auth/react/index.js:365:24)
    at NextAuthProvider (webpack-internal:///(app-pages-browser)/./src/providers/auth-provider.tsx:11:11)
    at RootLayout (Server)
    at RedirectErrorBoundary (webpack-internal:///(app-pages-browser)/./node_modules/.pnpm/next@14.2.35_react-dom@18.3.1_react@18.3.1__react@18.3.1/node_modules/next/dist/client/components/redirect-boundary.js:74:9)
    at RedirectBoundary (webpack-internal:///(app-pages-browser)/./node_modules/.pnpm/next@14.2.35_react-dom@18.3.1_react@18.3.1__react@18.3.1/node_modules/next/dist/client/components/redirect-boundary.js:82:11)
    at NotFoundErrorBoundary (webpack-internal:///(app-pages-browser)/./node_modules/.pnpm/next@14.2.35_react-dom@18.3.1_react@18.3.1__react@18.3.1/node_modules/next/dist/client/components/not-found-boundary.js:76:9)
    at NotFoundBoundary (webpack-internal:///(app-pages-browser)/./node_modules/.pnpm/next@14.2.35_react-dom@18.3.1_react@18.3.1__react@18.3.1/node_modules/next/dist/client/components/not-found-boundary.js:84:11)
    at DevRootNotFoundBoundary (webpack-internal:///(app-pages-browser)/./node_modules/.pnpm/next@14.2.35_react-dom@18.3.1_react@18.3.1__react@18.3.1/node_modules/next/dist/client/components/dev-root-not-found-boundary.js:33:11)
    at ReactDevOverlay (webpack-internal:///(app-pages-browser)/./node_modules/.pnpm/next@14.2.35_react-dom@18.3.1_react@18.3.1__react@18.3.1/node_modules/next/dist/client/components/react-dev-overlay/app/ReactDevOverlay.js:87:9)
    at HotReload (webpack-internal:///(app-pages-browser)/./node_modules/.pnpm/next@14.2.35_react-dom@18.3.1_react@18.3.1__react@18.3.1/node_modules/next/dist/client/components/react-dev-overlay/app/hot-reloader-client.js:321:11)
    at Router (webpack-internal:///(app-pages-browser)/./node_modules/.pnpm/next@14.2.35_react-dom@18.3.1_react@18.3.1__react@18.3.1/node_modules/next/dist/client/components/app-router.js:207:11)
    at ErrorBoundaryHandler (webpack-internal:///(app-pages-browser)/./node_modules/.pnpm/next@14.2.35_react-dom@18.3.1_react@18.3.1__react@18.3.1/node_modules/next/dist/client/components/error-boundary.js:113:9)
    at ErrorBoundary (webpack-internal:///(app-pages-browser)/./node_modules/.pnpm/next@14.2.35_react-dom@18.3.1_react@18.3.1__react@18.3.1/node_modules/next/dist/client/components/error-boundary.js:160:11)
    at AppRouter (webpack-internal:///(app-pages-browser)/./node_modules/.pnpm/next@14.2.35_react-dom@18.3.1_react@18.3.1__react@18.3.1/node_modules/next/dist/client/components/app-router.js:585:13)
    at ServerRoot (webpack-internal:///(app-pages-browser)/./node_modules/.pnpm/next@14.2.35_react-dom@18.3.1_react@18.3.1__react@18.3.1/node_modules/next/dist/client/app-index.js:112:27)
    at Root (webpack-internal:///(app-pages-browser)/./node_modules/.pnpm/next@14.2.35_react-dom@18.3.1_react@18.3.1__react@18.3.1/node_modules/next/dist/client/app-index.js:117:11)

React will try to recreate this component tree from scratch using the error boundary you provided, ReactDevOverlay. @ webpack-internal:///(app-pages-browser)/./node_modules/.pnpm/next@14.2.35_react-dom@18.3.1_react@18.3.1__react@18.3.1/node_modules/next/dist/client/app-index.js:32
[ 1033830ms] [WARNING] [Fast Refresh] performing full reload because your application had an unrecoverable error @ webpack-internal:///(app-pages-browser)/./node_modules/.pnpm/next@14.2.35_react-dom@18.3.1_react@18.3.1__react@18.3.1/node_modules/next/dist/client/components/react-dev-overlay/app/hot-reloader-client.js:114
[ 1036442ms] [INFO] %cDownload the React DevTools for a better development experience: https://reactjs.org/link/react-devtools font-weight:bold @ webpack-internal:///(app-pages-browser)/./node_modules/.pnpm/next@14.2.35_react-dom@18.3.1_react@18.3.1__react@18.3.1/node_modules/next/dist/compiled/react-dom/cjs/react-dom.development.js:38559
[ 1045735ms] [ERROR] Warning: Cannot update a component (`%s`) while rendering a different component (`%s`). To locate the bad setState() call inside `%s`, follow the stack trace as described in https://reactjs.org/link/setstate-in-render%s HotReload ChamadosTable ChamadosTable 
    at ChamadosTable (webpack-internal:///(app-pages-browser)/./src/app/(private)/home/_components/ChamadosTable.tsx:63:11)
    at div
    at section
    at div
    at main
    at Home (webpack-internal:///(app-pages-browser)/./src/app/(private)/home/page.tsx:49:90)
    at ClientPageRoot (webpack-internal:///(app-pages-browser)/./node_modules/.pnpm/next@14.2.35_react-dom@18.3.1_react@18.3.1__react@18.3.1/node_modules/next/dist/client/components/client-page.js:14:11)
    at InnerLayoutRouter (webpack-internal:///(app-pages-browser)/./node_modules/.pnpm/next@14.2.35_react-dom@18.3.1_react@18.3.1__react@18.3.1/node_modules/next/dist/client/components/layout-router.js:243:11)
    at RedirectErrorBoundary (webpack-internal:///(app-pages-browser)/./node_modules/.pnpm/next@14.2.35_react-dom@18.3.1_react@18.3.1__react@18.3.1/node_modules/next/dist/client/components/redirect-boundary.js:74:9)
    at RedirectBoundary (webpack-internal:///(app-pages-browser)/./node_modules/.pnpm/next@14.2.35_react-dom@18.3.1_react@18.3.1__react@18.3.1/node_modules/next/dist/client/components/redirect-boundary.js:82:11)
    at NotFoundBoundary (webpack-internal:///(app-pages-browser)/./node_modules/.pnpm/next@14.2.35_react-dom@18.3.1_react@18.3.1__react@18.3.1/node_modules/next/dist/client/components/not-found-boundary.js:84:11)
    at LoadingBoundary (webpack-internal:///(app-pages-browser)/./node_modules/.pnpm/next@14.2.35_react-dom@18.3.1_react@18.3.1__react@18.3.1/node_modules/next/dist/client/components/layout-router.js:349:11)
    at ErrorBoundary (webpack-internal:///(app-pages-browser)/./node_modules/.pnpm/next@14.2.35_react-dom@18.3.1_react@18.3.1__react@18.3.1/node_modules/next/dist/client/components/error-boundary.js:160:11)
    at InnerScrollAndFocusHandler (webpack-internal:///(app-pages-browser)/./node_modules/.pnpm/next@14.2.35_react-dom@18.3.1_react@18.3.1__react@18.3.1/node_modules/next/dist/client/components/layout-router.js:153:9)
    at ScrollAndFocusHandler (webpack-internal:///(app-pages-browser)/./node_modules/.pnpm/next@14.2.35_react-dom@18.3.1_react@18.3.1__react@18.3.1/node_modules/next/dist/client/components/layout-router.js:228:11)
    at RenderFromTemplateContext (webpack-internal:///(app-pages-browser)/./node_modules/.pnpm/next@14.2.35_react-dom@18.3.1_react@18.3.1__react@18.3.1/node_modules/next/dist/client/components/render-from-template-context.js:16:44)
    at OuterLayoutRouter (webpack-internal:///(app-pages-browser)/./node_modules/.pnpm/next@14.2.35_react-dom@18.3.1_react@18.3.1__react@18.3.1/node_modules/next/dist/client/components/layout-router.js:370:11)
    at InnerLayoutRouter (webpack-internal:///(app-pages-browser)/./node_modules/.pnpm/next@14.2.35_react-dom@18.3.1_react@18.3.1__react@18.3.1/node_modules/next/dist/client/components/layout-router.js:243:11)
    at RedirectErrorBoundary (webpack-internal:///(app-pages-browser)/./node_modules/.pnpm/next@14.2.35_react-dom@18.3.1_react@18.3.1__react@18.3.1/node_modules/next/dist/client/components/redirect-boundary.js:74:9)
    at RedirectBoundary (webpack-internal:///(app-pages-browser)/./node_modules/.pnpm/next@14.2.35_react-dom@18.3.1_react@18.3.1__react@18.3.1/node_modules/next/dist/client/components/redirect-boundary.js:82:11)
    at NotFoundErrorBoundary (webpack-internal:///(app-pages-browser)/./node_modules/.pnpm/next@14.2.35_react-dom@18.3.1_react@18.3.1__react@18.3.1/node_modules/next/dist/client/components/not-found-boundary.js:76:9)
    at NotFoundBoundary (webpack-internal:///(app-pages-browser)/./node_modules/.pnpm/next@14.2.35_react-dom@18.3.1_react@18.3.1__react@18.3.1/node_modules/next/dist/client/components/not-found-boundary.js:84:11)
    at LoadingBoundary (webpack-internal:///(app-pages-browser)/./node_modules/.pnpm/next@14.2.35_react-dom@18.3.1_react@18.3.1__react@18.3.1/node_modules/next/dist/client/components/layout-router.js:349:11)
    at ErrorBoundary (webpack-internal:///(app-pages-browser)/./node_modules/.pnpm/next@14.2.35_react-dom@18.3.1_react@18.3.1__react@18.3.1/node_modules/next/dist/client/components/error-boundary.js:160:11)
    at InnerScrollAndFocusHandler (webpack-internal:///(app-pages-browser)/./node_modules/.pnpm/next@14.2.35_react-dom@18.3.1_react@18.3.1__react@18.3.1/node_modules/next/dist/client/components/layout-router.js:153:9)
    at ScrollAndFocusHandler (webpack-internal:///(app-pages-browser)/./node_modules/.pnpm/next@14.2.35_react-dom@18.3.1_react@18.3.1__react@18.3.1/node_modules/next/dist/client/components/layout-router.js:228:11)
    at RenderFromTemplateContext (webpack-internal:///(app-pages-browser)/./node_modules/.pnpm/next@14.2.35_react-dom@18.3.1_react@18.3.1__react@18.3.1/node_modules/next/dist/client/components/render-from-template-context.js:16:44)
    at OuterLayoutRouter (webpack-internal:///(app-pages-browser)/./node_modules/.pnpm/next@14.2.35_react-dom@18.3.1_react@18.3.1__react@18.3.1/node_modules/next/dist/client/components/layout-router.js:370:11)
    at InnerLayoutRouter (webpack-internal:///(app-pages-browser)/./node_modules/.pnpm/next@14.2.35_react-dom@18.3.1_react@18.3.1__react@18.3.1/node_modules/next/dist/client/components/layout-router.js:243:11)
    at RedirectErrorBoundary (webpack-internal:///(app-pages-browser)/./node_modules/.pnpm/next@14.2.35_react-dom@18.3.1_react@18.3.1__react@18.3.1/node_modules/next/dist/client/components/redirect-boundary.js:74:9)
    at RedirectBoundary (webpack-internal:///(app-pages-browser)/./node_modules/.pnpm/next@14.2.35_react-dom@18.3.1_react@18.3.1__react@18.3.1/node_modules/next/dist/client/components/redirect-boundary.js:82:11)
    at NotFoundErrorBoundary (webpack-internal:///(app-pages-browser)/./node_modules/.pnpm/next@14.2.35_react-dom@18.3.1_react@18.3.1__react@18.3.1/node_modules/next/dist/client/components/not-found-boundary.js:76:9)
    at NotFoundBoundary (webpack-internal:///(app-pages-browser)/./node_modules/.pnpm/next@14.2.35_react-dom@18.3.1_react@18.3.1__react@18.3.1/node_modules/next/dist/client/components/not-found-boundary.js:84:11)
    at LoadingBoundary (webpack-internal:///(app-pages-browser)/./node_modules/.pnpm/next@14.2.35_react-dom@18.3.1_react@18.3.1__react@18.3.1/node_modules/next/dist/client/components/layout-router.js:349:11)
    at ErrorBoundary (webpack-internal:///(app-pages-browser)/./node_modules/.pnpm/next@14.2.35_react-dom@18.3.1_react@18.3.1__react@18.3.1/node_modules/next/dist/client/components/error-boundary.js:160:11)
    at InnerScrollAndFocusHandler (webpack-internal:///(app-pages-browser)/./node_modules/.pnpm/next@14.2.35_react-dom@18.3.1_react@18.3.1__react@18.3.1/node_modules/next/dist/client/components/layout-router.js:153:9)
    at ScrollAndFocusHandler (webpack-internal:///(app-pages-browser)/./node_modules/.pnpm/next@14.2.35_react-dom@18.3.1_react@18.3.1__react@18.3.1/node_modules/next/dist/client/components/layout-router.js:228:11)
    at RenderFromTemplateContext (webpack-internal:///(app-pages-browser)/./node_modules/.pnpm/next@14.2.35_react-dom@18.3.1_react@18.3.1__react@18.3.1/node_modules/next/dist/client/components/render-from-template-context.js:16:44)
    at OuterLayoutRouter (webpack-internal:///(app-pages-browser)/./node_modules/.pnpm/next@14.2.35_react-dom@18.3.1_react@18.3.1__react@18.3.1/node_modules/next/dist/client/components/layout-router.js:370:11)
    at body
    at html
    at SessionProvider (webpack-internal:///(app-pages-browser)/./node_modules/.pnpm/next-auth@4.24.14_next@14.2_3c6995bb7fe1b51c92ddd1c1f45f2e25/node_modules/next-auth/react/index.js:365:24)
    at NextAuthProvider (webpack-internal:///(app-pages-browser)/./src/providers/auth-provider.tsx:11:11)
    at RootLayout (Server)
    at RedirectErrorBoundary (webpack-internal:///(app-pages-browser)/./node_modules/.pnpm/next@14.2.35_react-dom@18.3.1_react@18.3.1__react@18.3.1/node_modules/next/dist/client/components/redirect-boundary.js:74:9)
    at RedirectBoundary (webpack-internal:///(app-pages-browser)/./node_modules/.pnpm/next@14.2.35_react-dom@18.3.1_react@18.3.1__react@18.3.1/node_modules/next/dist/client/components/redirect-boundary.js:82:11)
    at NotFoundErrorBoundary (webpack-internal:///(app-pages-browser)/./node_modules/.pnpm/next@14.2.35_react-dom@18.3.1_react@18.3.1__react@18.3.1/node_modules/next/dist/client/components/not-found-boundary.js:76:9)
    at NotFoundBoundary (webpack-internal:///(app-pages-browser)/./node_modules/.pnpm/next@14.2.35_react-dom@18.3.1_react@18.3.1__react@18.3.1/node_modules/next/dist/client/components/not-found-boundary.js:84:11)
    at DevRootNotFoundBoundary (webpack-internal:///(app-pages-browser)/./node_modules/.pnpm/next@14.2.35_react-dom@18.3.1_react@18.3.1__react@18.3.1/node_modules/next/dist/client/components/dev-root-not-found-boundary.js:33:11)
    at ReactDevOverlay (webpack-internal:///(app-pages-browser)/./node_modules/.pnpm/next@14.2.35_react-dom@18.3.1_react@18.3.1__react@18.3.1/node_modules/next/dist/client/components/react-dev-overlay/app/ReactDevOverlay.js:87:9)
    at HotReload (webpack-internal:///(app-pages-browser)/./node_modules/.pnpm/next@14.2.35_react-dom@18.3.1_react@18.3.1__react@18.3.1/node_modules/next/dist/client/components/react-dev-overlay/app/hot-reloader-client.js:321:11)
    at Router (webpack-internal:///(app-pages-browser)/./node_modules/.pnpm/next@14.2.35_react-dom@18.3.1_react@18.3.1__react@18.3.1/node_modules/next/dist/client/components/app-router.js:207:11)
    at ErrorBoundaryHandler (webpack-internal:///(app-pages-browser)/./node_modules/.pnpm/next@14.2.35_react-dom@18.3.1_react@18.3.1__react@18.3.1/node_modules/next/dist/client/components/error-boundary.js:113:9)
    at ErrorBoundary (webpack-internal:///(app-pages-browser)/./node_modules/.pnpm/next@14.2.35_react-dom@18.3.1_react@18.3.1__react@18.3.1/node_modules/next/dist/client/components/error-boundary.js:160:11)
    at AppRouter (webpack-internal:///(app-pages-browser)/./node_modules/.pnpm/next@14.2.35_react-dom@18.3.1_react@18.3.1__react@18.3.1/node_modules/next/dist/client/components/app-router.js:585:13)
    at ServerRoot (webpack-internal:///(app-pages-browser)/./node_modules/.pnpm/next@14.2.35_react-dom@18.3.1_react@18.3.1__react@18.3.1/node_modules/next/dist/client/app-index.js:112:27)
    at Root (webpack-internal:///(app-pages-browser)/./node_modules/.pnpm/next@14.2.35_react-dom@18.3.1_react@18.3.1__react@18.3.1/node_modules/next/dist/client/app-index.js:117:11) @ webpack-internal:///(app-pages-browser)/./node_modules/.pnpm/next@14.2.35_react-dom@18.3.1_react@18.3.1__react@18.3.1/node_modules/next/dist/client/app-index.js:32
[ 1045738ms] ReferenceError: HiOutlineClipboardDocumentList is not defined
    at eval (webpack-internal:///(app-pages-browser)/./src/app/(private)/home/_components/ChamadosTable.tsx:331:123)
    at Array.map (<anonymous>)
    at ChamadosTable (webpack-internal:///(app-pages-browser)/./src/app/(private)/home/_components/ChamadosTable.tsx:175:52)
    at renderWithHooks (webpack-internal:///(app-pages-browser)/./node_modules/.pnpm/next@14.2.35_react-dom@18.3.1_react@18.3.1__react@18.3.1/node_modules/next/dist/compiled/react-dom/cjs/react-dom.development.js:11121:18)
    at updateFunctionComponent (webpack-internal:///(app-pages-browser)/./node_modules/.pnpm/next@14.2.35_react-dom@18.3.1_react@18.3.1__react@18.3.1/node_modules/next/dist/compiled/react-dom/cjs/react-dom.development.js:16290:20)
    at beginWork$1 (webpack-internal:///(app-pages-browser)/./node_modules/.pnpm/next@14.2.35_react-dom@18.3.1_react@18.3.1__react@18.3.1/node_modules/next/dist/compiled/react-dom/cjs/react-dom.development.js:18472:16)
    at HTMLUnknownElement.callCallback (webpack-internal:///(app-pages-browser)/./node_modules/.pnpm/next@14.2.35_react-dom@18.3.1_react@18.3.1__react@18.3.1/node_modules/next/dist/compiled/react-dom/cjs/react-dom.development.js:20565:14)
    at Object.invokeGuardedCallbackImpl (webpack-internal:///(app-pages-browser)/./node_modules/.pnpm/next@14.2.35_react-dom@18.3.1_react@18.3.1__react@18.3.1/node_modules/next/dist/compiled/react-dom/cjs/react-dom.development.js:20614:16)
    at invokeGuardedCallback (webpack-internal:///(app-pages-browser)/./node_modules/.pnpm/next@14.2.35_react-dom@18.3.1_react@18.3.1__react@18.3.1/node_modules/next/dist/compiled/react-dom/cjs/react-dom.development.js:20689:29)
    at beginWork (webpack-internal:///(app-pages-browser)/./node_modules/.pnpm/next@14.2.35_react-dom@18.3.1_react@18.3.1__react@18.3.1/node_modules/next/dist/compiled/react-dom/cjs/react-dom.development.js:26949:7)
    at performUnitOfWork (webpack-internal:///(app-pages-browser)/./node_modules/.pnpm/next@14.2.35_react-dom@18.3.1_react@18.3.1__react@18.3.1/node_modules/next/dist/compiled/react-dom/cjs/react-dom.development.js:25748:12)
    at workLoopSync (webpack-internal:///(app-pages-browser)/./node_modules/.pnpm/next@14.2.35_react-dom@18.3.1_react@18.3.1__react@18.3.1/node_modules/next/dist/compiled/react-dom/cjs/react-dom.development.js:25464:5)
    at renderRootSync (webpack-internal:///(app-pages-browser)/./node_modules/.pnpm/next@14.2.35_react-dom@18.3.1_react@18.3.1__react@18.3.1/node_modules/next/dist/compiled/react-dom/cjs/react-dom.development.js:25419:7)
    at performSyncWorkOnRoot (webpack-internal:///(app-pages-browser)/./node_modules/.pnpm/next@14.2.35_react-dom@18.3.1_react@18.3.1__react@18.3.1/node_modules/next/dist/compiled/react-dom/cjs/react-dom.development.js:24887:20)
    at flushSyncWorkAcrossRoots_impl (webpack-internal:///(app-pages-browser)/./node_modules/.pnpm/next@14.2.35_react-dom@18.3.1_react@18.3.1__react@18.3.1/node_modules/next/dist/compiled/react-dom/cjs/react-dom.development.js:7758:13)
    at flushSyncWorkOnAllRoots (webpack-internal:///(app-pages-browser)/./node_modules/.pnpm/next@14.2.35_react-dom@18.3.1_react@18.3.1__react@18.3.1/node_modules/next/dist/compiled/react-dom/cjs/react-dom.development.js:7718:3)
    at processRootScheduleInMicrotask (webpack-internal:///(app-pages-browser)/./node_modules/.pnpm/next@14.2.35_react-dom@18.3.1_react@18.3.1__react@18.3.1/node_modules/next/dist/compiled/react-dom/cjs/react-dom.development.js:7863:3)
    at eval (webpack-internal:///(app-pages-browser)/./node_modules/.pnpm/next@14.2.35_react-dom@18.3.1_react@18.3.1__react@18.3.1/node_modules/next/dist/compiled/react-dom/cjs/react-dom.development.js:8034:7)
[ 1045743ms] ReferenceError: HiOutlineClipboardDocumentList is not defined
    at eval (webpack-internal:///(app-pages-browser)/./src/app/(private)/home/_components/ChamadosTable.tsx:331:123)
    at Array.map (<anonymous>)
    at ChamadosTable (webpack-internal:///(app-pages-browser)/./src/app/(private)/home/_components/ChamadosTable.tsx:175:52)
    at renderWithHooks (webpack-internal:///(app-pages-browser)/./node_modules/.pnpm/next@14.2.35_react-dom@18.3.1_react@18.3.1__react@18.3.1/node_modules/next/dist/compiled/react-dom/cjs/react-dom.development.js:11121:18)
    at updateFunctionComponent (webpack-internal:///(app-pages-browser)/./node_modules/.pnpm/next@14.2.35_react-dom@18.3.1_react@18.3.1__react@18.3.1/node_modules/next/dist/compiled/react-dom/cjs/react-dom.development.js:16290:20)
    at beginWork$1 (webpack-internal:///(app-pages-browser)/./node_modules/.pnpm/next@14.2.35_react-dom@18.3.1_react@18.3.1__react@18.3.1/node_modules/next/dist/compiled/react-dom/cjs/react-dom.development.js:18472:16)
    at beginWork (webpack-internal:///(app-pages-browser)/./node_modules/.pnpm/next@14.2.35_react-dom@18.3.1_react@18.3.1__react@18.3.1/node_modules/next/dist/compiled/react-dom/cjs/react-dom.development.js:26927:14)
    at performUnitOfWork (webpack-internal:///(app-pages-browser)/./node_modules/.pnpm/next@14.2.35_react-dom@18.3.1_react@18.3.1__react@18.3.1/node_modules/next/dist/compiled/react-dom/cjs/react-dom.development.js:25748:12)
    at workLoopSync (webpack-internal:///(app-pages-browser)/./node_modules/.pnpm/next@14.2.35_react-dom@18.3.1_react@18.3.1__react@18.3.1/node_modules/next/dist/compiled/react-dom/cjs/react-dom.development.js:25464:5)
    at renderRootSync (webpack-internal:///(app-pages-browser)/./node_modules/.pnpm/next@14.2.35_react-dom@18.3.1_react@18.3.1__react@18.3.1/node_modules/next/dist/compiled/react-dom/cjs/react-dom.development.js:25419:7)
    at performSyncWorkOnRoot (webpack-internal:///(app-pages-browser)/./node_modules/.pnpm/next@14.2.35_react-dom@18.3.1_react@18.3.1__react@18.3.1/node_modules/next/dist/compiled/react-dom/cjs/react-dom.development.js:24887:20)
    at flushSyncWorkAcrossRoots_impl (webpack-internal:///(app-pages-browser)/./node_modules/.pnpm/next@14.2.35_react-dom@18.3.1_react@18.3.1__react@18.3.1/node_modules/next/dist/compiled/react-dom/cjs/react-dom.development.js:7758:13)
    at flushSyncWorkOnAllRoots (webpack-internal:///(app-pages-browser)/./node_modules/.pnpm/next@14.2.35_react-dom@18.3.1_react@18.3.1__react@18.3.1/node_modules/next/dist/compiled/react-dom/cjs/react-dom.development.js:7718:3)
    at processRootScheduleInMicrotask (webpack-internal:///(app-pages-browser)/./node_modules/.pnpm/next@14.2.35_react-dom@18.3.1_react@18.3.1__react@18.3.1/node_modules/next/dist/compiled/react-dom/cjs/react-dom.development.js:7863:3)
    at eval (webpack-internal:///(app-pages-browser)/./node_modules/.pnpm/next@14.2.35_react-dom@18.3.1_react@18.3.1__react@18.3.1/node_modules/next/dist/compiled/react-dom/cjs/react-dom.development.js:8034:7)
[ 1045750ms] ReferenceError: HiOutlineClipboardDocumentList is not defined
    at eval (webpack-internal:///(app-pages-browser)/./src/app/(private)/home/_components/ChamadosTable.tsx:331:123)
    at Array.map (<anonymous>)
    at ChamadosTable (webpack-internal:///(app-pages-browser)/./src/app/(private)/home/_components/ChamadosTable.tsx:175:52)
    at renderWithHooks (webpack-internal:///(app-pages-browser)/./node_modules/.pnpm/next@14.2.35_react-dom@18.3.1_react@18.3.1__react@18.3.1/node_modules/next/dist/compiled/react-dom/cjs/react-dom.development.js:11121:18)
    at updateFunctionComponent (webpack-internal:///(app-pages-browser)/./node_modules/.pnpm/next@14.2.35_react-dom@18.3.1_react@18.3.1__react@18.3.1/node_modules/next/dist/compiled/react-dom/cjs/react-dom.development.js:16290:20)
    at beginWork$1 (webpack-internal:///(app-pages-browser)/./node_modules/.pnpm/next@14.2.35_react-dom@18.3.1_react@18.3.1__react@18.3.1/node_modules/next/dist/compiled/react-dom/cjs/react-dom.development.js:18472:16)
    at beginWork (webpack-internal:///(app-pages-browser)/./node_modules/.pnpm/next@14.2.35_react-dom@18.3.1_react@18.3.1__react@18.3.1/node_modules/next/dist/compiled/react-dom/cjs/react-dom.development.js:26927:14)
    at performUnitOfWork (webpack-internal:///(app-pages-browser)/./node_modules/.pnpm/next@14.2.35_react-dom@18.3.1_react@18.3.1__react@18.3.1/node_modules/next/dist/compiled/react-dom/cjs/react-dom.development.js:25748:12)
    at workLoopSync (webpack-internal:///(app-pages-browser)/./node_modules/.pnpm/next@14.2.35_react-dom@18.3.1_react@18.3.1__react@18.3.1/node_modules/next/dist/compiled/react-dom/cjs/react-dom.development.js:25464:5)
    at renderRootSync (webpack-internal:///(app-pages-browser)/./node_modules/.pnpm/next@14.2.35_react-dom@18.3.1_react@18.3.1__react@18.3.1/node_modules/next/dist/compiled/react-dom/cjs/react-dom.development.js:25419:7)
    at performSyncWorkOnRoot (webpack-internal:///(app-pages-browser)/./node_modules/.pnpm/next@14.2.35_react-dom@18.3.1_react@18.3.1__react@18.3.1/node_modules/next/dist/compiled/react-dom/cjs/react-dom.development.js:24887:20)
    at flushSyncWorkAcrossRoots_impl (webpack-internal:///(app-pages-browser)/./node_modules/.pnpm/next@14.2.35_react-dom@18.3.1_react@18.3.1__react@18.3.1/node_modules/next/dist/compiled/react-dom/cjs/react-dom.development.js:7758:13)
    at flushSyncWorkOnAllRoots (webpack-internal:///(app-pages-browser)/./node_modules/.pnpm/next@14.2.35_react-dom@18.3.1_react@18.3.1__react@18.3.1/node_modules/next/dist/compiled/react-dom/cjs/react-dom.development.js:7718:3)
    at processRootScheduleInMicrotask (webpack-internal:///(app-pages-browser)/./node_modules/.pnpm/next@14.2.35_react-dom@18.3.1_react@18.3.1__react@18.3.1/node_modules/next/dist/compiled/react-dom/cjs/react-dom.development.js:7863:3)
    at eval (webpack-internal:///(app-pages-browser)/./node_modules/.pnpm/next@14.2.35_react-dom@18.3.1_react@18.3.1__react@18.3.1/node_modules/next/dist/compiled/react-dom/cjs/react-dom.development.js:8034:7)
[ 1045750ms] ReferenceError: HiOutlineClipboardDocumentList is not defined
    at eval (webpack-internal:///(app-pages-browser)/./src/app/(private)/home/_components/ChamadosTable.tsx:331:123)
    at Array.map (<anonymous>)
    at ChamadosTable (webpack-internal:///(app-pages-browser)/./src/app/(private)/home/_components/ChamadosTable.tsx:175:52)
    at renderWithHooks (webpack-internal:///(app-pages-browser)/./node_modules/.pnpm/next@14.2.35_react-dom@18.3.1_react@18.3.1__react@18.3.1/node_modules/next/dist/compiled/react-dom/cjs/react-dom.development.js:11121:18)
    at updateFunctionComponent (webpack-internal:///(app-pages-browser)/./node_modules/.pnpm/next@14.2.35_react-dom@18.3.1_react@18.3.1__react@18.3.1/node_modules/next/dist/compiled/react-dom/cjs/react-dom.development.js:16290:20)
    at beginWork$1 (webpack-internal:///(app-pages-browser)/./node_modules/.pnpm/next@14.2.35_react-dom@18.3.1_react@18.3.1__react@18.3.1/node_modules/next/dist/compiled/react-dom/cjs/react-dom.development.js:18472:16)
    at beginWork (webpack-internal:///(app-pages-browser)/./node_modules/.pnpm/next@14.2.35_react-dom@18.3.1_react@18.3.1__react@18.3.1/node_modules/next/dist/compiled/react-dom/cjs/react-dom.development.js:26927:14)
    at performUnitOfWork (webpack-internal:///(app-pages-browser)/./node_modules/.pnpm/next@14.2.35_react-dom@18.3.1_react@18.3.1__react@18.3.1/node_modules/next/dist/compiled/react-dom/cjs/react-dom.development.js:25748:12)
    at workLoopSync (webpack-internal:///(app-pages-browser)/./node_modules/.pnpm/next@14.2.35_react-dom@18.3.1_react@18.3.1__react@18.3.1/node_modules/next/dist/compiled/react-dom/cjs/react-dom.development.js:25464:5)
    at renderRootSync (webpack-internal:///(app-pages-browser)/./node_modules/.pnpm/next@14.2.35_react-dom@18.3.1_react@18.3.1__react@18.3.1/node_modules/next/dist/compiled/react-dom/cjs/react-dom.development.js:25419:7)
    at performSyncWorkOnRoot (webpack-internal:///(app-pages-browser)/./node_modules/.pnpm/next@14.2.35_react-dom@18.3.1_react@18.3.1__react@18.3.1/node_modules/next/dist/compiled/react-dom/cjs/react-dom.development.js:24887:20)
    at flushSyncWorkAcrossRoots_impl (webpack-internal:///(app-pages-browser)/./node_modules/.pnpm/next@14.2.35_react-dom@18.3.1_react@18.3.1__react@18.3.1/node_modules/next/dist/compiled/react-dom/cjs/react-dom.development.js:7758:13)
    at flushSyncWorkOnAllRoots (webpack-internal:///(app-pages-browser)/./node_modules/.pnpm/next@14.2.35_react-dom@18.3.1_react@18.3.1__react@18.3.1/node_modules/next/dist/compiled/react-dom/cjs/react-dom.development.js:7718:3)
    at processRootScheduleInMicrotask (webpack-internal:///(app-pages-browser)/./node_modules/.pnpm/next@14.2.35_react-dom@18.3.1_react@18.3.1__react@18.3.1/node_modules/next/dist/compiled/react-dom/cjs/react-dom.development.js:7863:3)
    at eval (webpack-internal:///(app-pages-browser)/./node_modules/.pnpm/next@14.2.35_react-dom@18.3.1_react@18.3.1__react@18.3.1/node_modules/next/dist/compiled/react-dom/cjs/react-dom.development.js:8034:7)
[ 1045751ms] ReferenceError: HiOutlineClipboardDocumentList is not defined
    at eval (webpack-internal:///(app-pages-browser)/./src/app/(private)/home/_components/ChamadosTable.tsx:331:123)
    at Array.map (<anonymous>)
    at ChamadosTable (webpack-internal:///(app-pages-browser)/./src/app/(private)/home/_components/ChamadosTable.tsx:175:52)
    at renderWithHooks (webpack-internal:///(app-pages-browser)/./node_modules/.pnpm/next@14.2.35_react-dom@18.3.1_react@18.3.1__react@18.3.1/node_modules/next/dist/compiled/react-dom/cjs/react-dom.development.js:11121:18)
    at updateFunctionComponent (webpack-internal:///(app-pages-browser)/./node_modules/.pnpm/next@14.2.35_react-dom@18.3.1_react@18.3.1__react@18.3.1/node_modules/next/dist/compiled/react-dom/cjs/react-dom.development.js:16290:20)
    at beginWork$1 (webpack-internal:///(app-pages-browser)/./node_modules/.pnpm/next@14.2.35_react-dom@18.3.1_react@18.3.1__react@18.3.1/node_modules/next/dist/compiled/react-dom/cjs/react-dom.development.js:18472:16)
    at beginWork (webpack-internal:///(app-pages-browser)/./node_modules/.pnpm/next@14.2.35_react-dom@18.3.1_react@18.3.1__react@18.3.1/node_modules/next/dist/compiled/react-dom/cjs/react-dom.development.js:26927:14)
    at performUnitOfWork (webpack-internal:///(app-pages-browser)/./node_modules/.pnpm/next@14.2.35_react-dom@18.3.1_react@18.3.1__react@18.3.1/node_modules/next/dist/compiled/react-dom/cjs/react-dom.development.js:25748:12)
    at workLoopSync (webpack-internal:///(app-pages-browser)/./node_modules/.pnpm/next@14.2.35_react-dom@18.3.1_react@18.3.1__react@18.3.1/node_modules/next/dist/compiled/react-dom/cjs/react-dom.development.js:25464:5)
    at renderRootSync (webpack-internal:///(app-pages-browser)/./node_modules/.pnpm/next@14.2.35_react-dom@18.3.1_react@18.3.1__react@18.3.1/node_modules/next/dist/compiled/react-dom/cjs/react-dom.development.js:25419:7)
    at performSyncWorkOnRoot (webpack-internal:///(app-pages-browser)/./node_modules/.pnpm/next@14.2.35_react-dom@18.3.1_react@18.3.1__react@18.3.1/node_modules/next/dist/compiled/react-dom/cjs/react-dom.development.js:24887:20)
    at flushSyncWorkAcrossRoots_impl (webpack-internal:///(app-pages-browser)/./node_modules/.pnpm/next@14.2.35_react-dom@18.3.1_react@18.3.1__react@18.3.1/node_modules/next/dist/compiled/react-dom/cjs/react-dom.development.js:7758:13)
    at flushSyncWorkOnAllRoots (webpack-internal:///(app-pages-browser)/./node_modules/.pnpm/next@14.2.35_react-dom@18.3.1_react@18.3.1__react@18.3.1/node_modules/next/dist/compiled/react-dom/cjs/react-dom.development.js:7718:3)
    at processRootScheduleInMicrotask (webpack-internal:///(app-pages-browser)/./node_modules/.pnpm/next@14.2.35_react-dom@18.3.1_react@18.3.1__react@18.3.1/node_modules/next/dist/compiled/react-dom/cjs/react-dom.development.js:7863:3)
    at eval (webpack-internal:///(app-pages-browser)/./node_modules/.pnpm/next@14.2.35_react-dom@18.3.1_react@18.3.1__react@18.3.1/node_modules/next/dist/compiled/react-dom/cjs/react-dom.development.js:8034:7)
[ 1045781ms] ReferenceError: HiOutlineClipboardDocumentList is not defined
    at eval (webpack-internal:///(app-pages-browser)/./src/app/(private)/home/_components/ChamadosTable.tsx:331:123)
    at Array.map (<anonymous>)
    at ChamadosTable (webpack-internal:///(app-pages-browser)/./src/app/(private)/home/_components/ChamadosTable.tsx:175:52)
    at renderWithHooks (webpack-internal:///(app-pages-browser)/./node_modules/.pnpm/next@14.2.35_react-dom@18.3.1_react@18.3.1__react@18.3.1/node_modules/next/dist/compiled/react-dom/cjs/react-dom.development.js:11121:18)
    at updateFunctionComponent (webpack-internal:///(app-pages-browser)/./node_modules/.pnpm/next@14.2.35_react-dom@18.3.1_react@18.3.1__react@18.3.1/node_modules/next/dist/compiled/react-dom/cjs/react-dom.development.js:16290:20)
    at beginWork$1 (webpack-internal:///(app-pages-browser)/./node_modules/.pnpm/next@14.2.35_react-dom@18.3.1_react@18.3.1__react@18.3.1/node_modules/next/dist/compiled/react-dom/cjs/react-dom.development.js:18472:16)
    at beginWork (webpack-internal:///(app-pages-browser)/./node_modules/.pnpm/next@14.2.35_react-dom@18.3.1_react@18.3.1__react@18.3.1/node_modules/next/dist/compiled/react-dom/cjs/react-dom.development.js:26927:14)
    at performUnitOfWork (webpack-internal:///(app-pages-browser)/./node_modules/.pnpm/next@14.2.35_react-dom@18.3.1_react@18.3.1__react@18.3.1/node_modules/next/dist/compiled/react-dom/cjs/react-dom.development.js:25748:12)
    at workLoopSync (webpack-internal:///(app-pages-browser)/./node_modules/.pnpm/next@14.2.35_react-dom@18.3.1_react@18.3.1__react@18.3.1/node_modules/next/dist/compiled/react-dom/cjs/react-dom.development.js:25464:5)
    at renderRootSync (webpack-internal:///(app-pages-browser)/./node_modules/.pnpm/next@14.2.35_react-dom@18.3.1_react@18.3.1__react@18.3.1/node_modules/next/dist/compiled/react-dom/cjs/react-dom.development.js:25419:7)
    at performSyncWorkOnRoot (webpack-internal:///(app-pages-browser)/./node_modules/.pnpm/next@14.2.35_react-dom@18.3.1_react@18.3.1__react@18.3.1/node_modules/next/dist/compiled/react-dom/cjs/react-dom.development.js:24887:20)
    at flushSyncWorkAcrossRoots_impl (webpack-internal:///(app-pages-browser)/./node_modules/.pnpm/next@14.2.35_react-dom@18.3.1_react@18.3.1__react@18.3.1/node_modules/next/dist/compiled/react-dom/cjs/react-dom.development.js:7758:13)
    at flushSyncWorkOnAllRoots (webpack-internal:///(app-pages-browser)/./node_modules/.pnpm/next@14.2.35_react-dom@18.3.1_react@18.3.1__react@18.3.1/node_modules/next/dist/compiled/react-dom/cjs/react-dom.development.js:7718:3)
    at processRootScheduleInMicrotask (webpack-internal:///(app-pages-browser)/./node_modules/.pnpm/next@14.2.35_react-dom@18.3.1_react@18.3.1__react@18.3.1/node_modules/next/dist/compiled/react-dom/cjs/react-dom.development.js:7863:3)
    at eval (webpack-internal:///(app-pages-browser)/./node_modules/.pnpm/next@14.2.35_react-dom@18.3.1_react@18.3.1__react@18.3.1/node_modules/next/dist/compiled/react-dom/cjs/react-dom.development.js:8034:7)
[ 1045781ms] ReferenceError: HiOutlineClipboardDocumentList is not defined
    at eval (webpack-internal:///(app-pages-browser)/./src/app/(private)/home/_components/ChamadosTable.tsx:331:123)
    at Array.map (<anonymous>)
    at ChamadosTable (webpack-internal:///(app-pages-browser)/./src/app/(private)/home/_components/ChamadosTable.tsx:175:52)
    at renderWithHooks (webpack-internal:///(app-pages-browser)/./node_modules/.pnpm/next@14.2.35_react-dom@18.3.1_react@18.3.1__react@18.3.1/node_modules/next/dist/compiled/react-dom/cjs/react-dom.development.js:11121:18)
    at updateFunctionComponent (webpack-internal:///(app-pages-browser)/./node_modules/.pnpm/next@14.2.35_react-dom@18.3.1_react@18.3.1__react@18.3.1/node_modules/next/dist/compiled/react-dom/cjs/react-dom.development.js:16290:20)
    at beginWork$1 (webpack-internal:///(app-pages-browser)/./node_modules/.pnpm/next@14.2.35_react-dom@18.3.1_react@18.3.1__react@18.3.1/node_modules/next/dist/compiled/react-dom/cjs/react-dom.development.js:18472:16)
    at beginWork (webpack-internal:///(app-pages-browser)/./node_modules/.pnpm/next@14.2.35_react-dom@18.3.1_react@18.3.1__react@18.3.1/node_modules/next/dist/compiled/react-dom/cjs/react-dom.development.js:26927:14)
    at performUnitOfWork (webpack-internal:///(app-pages-browser)/./node_modules/.pnpm/next@14.2.35_react-dom@18.3.1_react@18.3.1__react@18.3.1/node_modules/next/dist/compiled/react-dom/cjs/react-dom.development.js:25748:12)
    at workLoopSync (webpack-internal:///(app-pages-browser)/./node_modules/.pnpm/next@14.2.35_react-dom@18.3.1_react@18.3.1__react@18.3.1/node_modules/next/dist/compiled/react-dom/cjs/react-dom.development.js:25464:5)
    at renderRootSync (webpack-internal:///(app-pages-browser)/./node_modules/.pnpm/next@14.2.35_react-dom@18.3.1_react@18.3.1__react@18.3.1/node_modules/next/dist/compiled/react-dom/cjs/react-dom.development.js:25419:7)
    at performSyncWorkOnRoot (webpack-internal:///(app-pages-browser)/./node_modules/.pnpm/next@14.2.35_react-dom@18.3.1_react@18.3.1__react@18.3.1/node_modules/next/dist/compiled/react-dom/cjs/react-dom.development.js:24887:20)
    at flushSyncWorkAcrossRoots_impl (webpack-internal:///(app-pages-browser)/./node_modules/.pnpm/next@14.2.35_react-dom@18.3.1_react@18.3.1__react@18.3.1/node_modules/next/dist/compiled/react-dom/cjs/react-dom.development.js:7758:13)
    at flushSyncWorkOnAllRoots (webpack-internal:///(app-pages-browser)/./node_modules/.pnpm/next@14.2.35_react-dom@18.3.1_react@18.3.1__react@18.3.1/node_modules/next/dist/compiled/react-dom/cjs/react-dom.development.js:7718:3)
    at processRootScheduleInMicrotask (webpack-internal:///(app-pages-browser)/./node_modules/.pnpm/next@14.2.35_react-dom@18.3.1_react@18.3.1__react@18.3.1/node_modules/next/dist/compiled/react-dom/cjs/react-dom.development.js:7863:3)
    at eval (webpack-internal:///(app-pages-browser)/./node_modules/.pnpm/next@14.2.35_react-dom@18.3.1_react@18.3.1__react@18.3.1/node_modules/next/dist/compiled/react-dom/cjs/react-dom.development.js:8034:7)
[ 1045787ms] ReferenceError: HiOutlineClipboardDocumentList is not defined
    at eval (webpack-internal:///(app-pages-browser)/./src/app/(private)/home/_components/ChamadosTable.tsx:331:123)
    at Array.map (<anonymous>)
    at ChamadosTable (webpack-internal:///(app-pages-browser)/./src/app/(private)/home/_components/ChamadosTable.tsx:175:52)
    at renderWithHooks (webpack-internal:///(app-pages-browser)/./node_modules/.pnpm/next@14.2.35_react-dom@18.3.1_react@18.3.1__react@18.3.1/node_modules/next/dist/compiled/react-dom/cjs/react-dom.development.js:11121:18)
    at updateFunctionComponent (webpack-internal:///(app-pages-browser)/./node_modules/.pnpm/next@14.2.35_react-dom@18.3.1_react@18.3.1__react@18.3.1/node_modules/next/dist/compiled/react-dom/cjs/react-dom.development.js:16290:20)
    at beginWork$1 (webpack-internal:///(app-pages-browser)/./node_modules/.pnpm/next@14.2.35_react-dom@18.3.1_react@18.3.1__react@18.3.1/node_modules/next/dist/compiled/react-dom/cjs/react-dom.development.js:18472:16)
    at beginWork (webpack-internal:///(app-pages-browser)/./node_modules/.pnpm/next@14.2.35_react-dom@18.3.1_react@18.3.1__react@18.3.1/node_modules/next/dist/compiled/react-dom/cjs/react-dom.development.js:26927:14)
    at performUnitOfWork (webpack-internal:///(app-pages-browser)/./node_modules/.pnpm/next@14.2.35_react-dom@18.3.1_react@18.3.1__react@18.3.1/node_modules/next/dist/compiled/react-dom/cjs/react-dom.development.js:25748:12)
    at workLoopSync (webpack-internal:///(app-pages-browser)/./node_modules/.pnpm/next@14.2.35_react-dom@18.3.1_react@18.3.1__react@18.3.1/node_modules/next/dist/compiled/react-dom/cjs/react-dom.development.js:25464:5)
    at renderRootSync (webpack-internal:///(app-pages-browser)/./node_modules/.pnpm/next@14.2.35_react-dom@18.3.1_react@18.3.1__react@18.3.1/node_modules/next/dist/compiled/react-dom/cjs/react-dom.development.js:25419:7)
    at performSyncWorkOnRoot (webpack-internal:///(app-pages-browser)/./node_modules/.pnpm/next@14.2.35_react-dom@18.3.1_react@18.3.1__react@18.3.1/node_modules/next/dist/compiled/react-dom/cjs/react-dom.development.js:24887:20)
    at flushSyncWorkAcrossRoots_impl (webpack-internal:///(app-pages-browser)/./node_modules/.pnpm/next@14.2.35_react-dom@18.3.1_react@18.3.1__react@18.3.1/node_modules/next/dist/compiled/react-dom/cjs/react-dom.development.js:7758:13)
    at flushSyncWorkOnAllRoots (webpack-internal:///(app-pages-browser)/./node_modules/.pnpm/next@14.2.35_react-dom@18.3.1_react@18.3.1__react@18.3.1/node_modules/next/dist/compiled/react-dom/cjs/react-dom.development.js:7718:3)
    at processRootScheduleInMicrotask (webpack-internal:///(app-pages-browser)/./node_modules/.pnpm/next@14.2.35_react-dom@18.3.1_react@18.3.1__react@18.3.1/node_modules/next/dist/compiled/react-dom/cjs/react-dom.development.js:7863:3)
    at eval (webpack-internal:///(app-pages-browser)/./node_modules/.pnpm/next@14.2.35_react-dom@18.3.1_react@18.3.1__react@18.3.1/node_modules/next/dist/compiled/react-dom/cjs/react-dom.development.js:8034:7)
[ 1045791ms] ReferenceError: HiOutlineClipboardDocumentList is not defined
    at eval (webpack-internal:///(app-pages-browser)/./src/app/(private)/home/_components/ChamadosTable.tsx:331:123)
    at Array.map (<anonymous>)
    at ChamadosTable (webpack-internal:///(app-pages-browser)/./src/app/(private)/home/_components/ChamadosTable.tsx:175:52)
    at renderWithHooks (webpack-internal:///(app-pages-browser)/./node_modules/.pnpm/next@14.2.35_react-dom@18.3.1_react@18.3.1__react@18.3.1/node_modules/next/dist/compiled/react-dom/cjs/react-dom.development.js:11121:18)
    at updateFunctionComponent (webpack-internal:///(app-pages-browser)/./node_modules/.pnpm/next@14.2.35_react-dom@18.3.1_react@18.3.1__react@18.3.1/node_modules/next/dist/compiled/react-dom/cjs/react-dom.development.js:16290:20)
    at beginWork$1 (webpack-internal:///(app-pages-browser)/./node_modules/.pnpm/next@14.2.35_react-dom@18.3.1_react@18.3.1__react@18.3.1/node_modules/next/dist/compiled/react-dom/cjs/react-dom.development.js:18472:16)
    at HTMLUnknownElement.callCallback (webpack-internal:///(app-pages-browser)/./node_modules/.pnpm/next@14.2.35_react-dom@18.3.1_react@18.3.1__react@18.3.1/node_modules/next/dist/compiled/react-dom/cjs/react-dom.development.js:20565:14)
    at Object.invokeGuardedCallbackImpl (webpack-internal:///(app-pages-browser)/./node_modules/.pnpm/next@14.2.35_react-dom@18.3.1_react@18.3.1__react@18.3.1/node_modules/next/dist/compiled/react-dom/cjs/react-dom.development.js:20614:16)
    at invokeGuardedCallback (webpack-internal:///(app-pages-browser)/./node_modules/.pnpm/next@14.2.35_react-dom@18.3.1_react@18.3.1__react@18.3.1/node_modules/next/dist/compiled/react-dom/cjs/react-dom.development.js:20689:29)
    at beginWork (webpack-internal:///(app-pages-browser)/./node_modules/.pnpm/next@14.2.35_react-dom@18.3.1_react@18.3.1__react@18.3.1/node_modules/next/dist/compiled/react-dom/cjs/react-dom.development.js:26949:7)
    at performUnitOfWork (webpack-internal:///(app-pages-browser)/./node_modules/.pnpm/next@14.2.35_react-dom@18.3.1_react@18.3.1__react@18.3.1/node_modules/next/dist/compiled/react-dom/cjs/react-dom.development.js:25748:12)
    at workLoopSync (webpack-internal:///(app-pages-browser)/./node_modules/.pnpm/next@14.2.35_react-dom@18.3.1_react@18.3.1__react@18.3.1/node_modules/next/dist/compiled/react-dom/cjs/react-dom.development.js:25464:5)
    at renderRootSync (webpack-internal:///(app-pages-browser)/./node_modules/.pnpm/next@14.2.35_react-dom@18.3.1_react@18.3.1__react@18.3.1/node_modules/next/dist/compiled/react-dom/cjs/react-dom.development.js:25419:7)
    at recoverFromConcurrentError (webpack-internal:///(app-pages-browser)/./node_modules/.pnpm/next@14.2.35_react-dom@18.3.1_react@18.3.1__react@18.3.1/node_modules/next/dist/compiled/react-dom/cjs/react-dom.development.js:24597:20)
    at performSyncWorkOnRoot (webpack-internal:///(app-pages-browser)/./node_modules/.pnpm/next@14.2.35_react-dom@18.3.1_react@18.3.1__react@18.3.1/node_modules/next/dist/compiled/react-dom/cjs/react-dom.development.js:24899:20)
    at flushSyncWorkAcrossRoots_impl (webpack-internal:///(app-pages-browser)/./node_modules/.pnpm/next@14.2.35_react-dom@18.3.1_react@18.3.1__react@18.3.1/node_modules/next/dist/compiled/react-dom/cjs/react-dom.development.js:7758:13)
    at flushSyncWorkOnAllRoots (webpack-internal:///(app-pages-browser)/./node_modules/.pnpm/next@14.2.35_react-dom@18.3.1_react@18.3.1__react@18.3.1/node_modules/next/dist/compiled/react-dom/cjs/react-dom.development.js:7718:3)
    at processRootScheduleInMicrotask (webpack-internal:///(app-pages-browser)/./node_modules/.pnpm/next@14.2.35_react-dom@18.3.1_react@18.3.1__react@18.3.1/node_modules/next/dist/compiled/react-dom/cjs/react-dom.development.js:7863:3)
    at eval (webpack-internal:///(app-pages-browser)/./node_modules/.pnpm/next@14.2.35_react-dom@18.3.1_react@18.3.1__react@18.3.1/node_modules/next/dist/compiled/react-dom/cjs/react-dom.development.js:8034:7)
[ 1045792ms] ReferenceError: HiOutlineClipboardDocumentList is not defined
    at eval (webpack-internal:///(app-pages-browser)/./src/app/(private)/home/_components/ChamadosTable.tsx:331:123)
    at Array.map (<anonymous>)
    at ChamadosTable (webpack-internal:///(app-pages-browser)/./src/app/(private)/home/_components/ChamadosTable.tsx:175:52)
    at renderWithHooks (webpack-internal:///(app-pages-browser)/./node_modules/.pnpm/next@14.2.35_react-dom@18.3.1_react@18.3.1__react@18.3.1/node_modules/next/dist/compiled/react-dom/cjs/react-dom.development.js:11121:18)
    at updateFunctionComponent (webpack-internal:///(app-pages-browser)/./node_modules/.pnpm/next@14.2.35_react-dom@18.3.1_react@18.3.1__react@18.3.1/node_modules/next/dist/compiled/react-dom/cjs/react-dom.development.js:16290:20)
    at beginWork$1 (webpack-internal:///(app-pages-browser)/./node_modules/.pnpm/next@14.2.35_react-dom@18.3.1_react@18.3.1__react@18.3.1/node_modules/next/dist/compiled/react-dom/cjs/react-dom.development.js:18472:16)
    at beginWork (webpack-internal:///(app-pages-browser)/./node_modules/.pnpm/next@14.2.35_react-dom@18.3.1_react@18.3.1__react@18.3.1/node_modules/next/dist/compiled/react-dom/cjs/react-dom.development.js:26927:14)
    at performUnitOfWork (webpack-internal:///(app-pages-browser)/./node_modules/.pnpm/next@14.2.35_react-dom@18.3.1_react@18.3.1__react@18.3.1/node_modules/next/dist/compiled/react-dom/cjs/react-dom.development.js:25748:12)
    at workLoopSync (webpack-internal:///(app-pages-browser)/./node_modules/.pnpm/next@14.2.35_react-dom@18.3.1_react@18.3.1__react@18.3.1/node_modules/next/dist/compiled/react-dom/cjs/react-dom.development.js:25464:5)
    at renderRootSync (webpack-internal:///(app-pages-browser)/./node_modules/.pnpm/next@14.2.35_react-dom@18.3.1_react@18.3.1__react@18.3.1/node_modules/next/dist/compiled/react-dom/cjs/react-dom.development.js:25419:7)
    at recoverFromConcurrentError (webpack-internal:///(app-pages-browser)/./node_modules/.pnpm/next@14.2.35_react-dom@18.3.1_react@18.3.1__react@18.3.1/node_modules/next/dist/compiled/react-dom/cjs/react-dom.development.js:24597:20)
    at performSyncWorkOnRoot (webpack-internal:///(app-pages-browser)/./node_modules/.pnpm/next@14.2.35_react-dom@18.3.1_react@18.3.1__react@18.3.1/node_modules/next/dist/compiled/react-dom/cjs/react-dom.development.js:24899:20)
    at flushSyncWorkAcrossRoots_impl (webpack-internal:///(app-pages-browser)/./node_modules/.pnpm/next@14.2.35_react-dom@18.3.1_react@18.3.1__react@18.3.1/node_modules/next/dist/compiled/react-dom/cjs/react-dom.development.js:7758:13)
    at flushSyncWorkOnAllRoots (webpack-internal:///(app-pages-browser)/./node_modules/.pnpm/next@14.2.35_react-dom@18.3.1_react@18.3.1__react@18.3.1/node_modules/next/dist/compiled/react-dom/cjs/react-dom.development.js:7718:3)
    at processRootScheduleInMicrotask (webpack-internal:///(app-pages-browser)/./node_modules/.pnpm/next@14.2.35_react-dom@18.3.1_react@18.3.1__react@18.3.1/node_modules/next/dist/compiled/react-dom/cjs/react-dom.development.js:7863:3)
    at eval (webpack-internal:///(app-pages-browser)/./node_modules/.pnpm/next@14.2.35_react-dom@18.3.1_react@18.3.1__react@18.3.1/node_modules/next/dist/compiled/react-dom/cjs/react-dom.development.js:8034:7)
[ 1045792ms] ReferenceError: HiOutlineClipboardDocumentList is not defined
    at eval (webpack-internal:///(app-pages-browser)/./src/app/(private)/home/_components/ChamadosTable.tsx:331:123)
    at Array.map (<anonymous>)
    at ChamadosTable (webpack-internal:///(app-pages-browser)/./src/app/(private)/home/_components/ChamadosTable.tsx:175:52)
    at renderWithHooks (webpack-internal:///(app-pages-browser)/./node_modules/.pnpm/next@14.2.35_react-dom@18.3.1_react@18.3.1__react@18.3.1/node_modules/next/dist/compiled/react-dom/cjs/react-dom.development.js:11121:18)
    at updateFunctionComponent (webpack-internal:///(app-pages-browser)/./node_modules/.pnpm/next@14.2.35_react-dom@18.3.1_react@18.3.1__react@18.3.1/node_modules/next/dist/compiled/react-dom/cjs/react-dom.development.js:16290:20)
    at beginWork$1 (webpack-internal:///(app-pages-browser)/./node_modules/.pnpm/next@14.2.35_react-dom@18.3.1_react@18.3.1__react@18.3.1/node_modules/next/dist/compiled/react-dom/cjs/react-dom.development.js:18472:16)
    at beginWork (webpack-internal:///(app-pages-browser)/./node_modules/.pnpm/next@14.2.35_react-dom@18.3.1_react@18.3.1__react@18.3.1/node_modules/next/dist/compiled/react-dom/cjs/react-dom.development.js:26927:14)
    at performUnitOfWork (webpack-internal:///(app-pages-browser)/./node_modules/.pnpm/next@14.2.35_react-dom@18.3.1_react@18.3.1__react@18.3.1/node_modules/next/dist/compiled/react-dom/cjs/react-dom.development.js:25748:12)
    at workLoopSync (webpack-internal:///(app-pages-browser)/./node_modules/.pnpm/next@14.2.35_react-dom@18.3.1_react@18.3.1__react@18.3.1/node_modules/next/dist/compiled/react-dom/cjs/react-dom.development.js:25464:5)
    at renderRootSync (webpack-internal:///(app-pages-browser)/./node_modules/.pnpm/next@14.2.35_react-dom@18.3.1_react@18.3.1__react@18.3.1/node_modules/next/dist/compiled/react-dom/cjs/react-dom.development.js:25419:7)
    at recoverFromConcurrentError (webpack-internal:///(app-pages-browser)/./node_modules/.pnpm/next@14.2.35_react-dom@18.3.1_react@18.3.1__react@18.3.1/node_modules/next/dist/compiled/react-dom/cjs/react-dom.development.js:24597:20)
    at performSyncWorkOnRoot (webpack-internal:///(app-pages-browser)/./node_modules/.pnpm/next@14.2.35_react-dom@18.3.1_react@18.3.1__react@18.3.1/node_modules/next/dist/compiled/react-dom/cjs/react-dom.development.js:24899:20)
    at flushSyncWorkAcrossRoots_impl (webpack-internal:///(app-pages-browser)/./node_modules/.pnpm/next@14.2.35_react-dom@18.3.1_react@18.3.1__react@18.3.1/node_modules/next/dist/compiled/react-dom/cjs/react-dom.development.js:7758:13)
    at flushSyncWorkOnAllRoots (webpack-internal:///(app-pages-browser)/./node_modules/.pnpm/next@14.2.35_react-dom@18.3.1_react@18.3.1__react@18.3.1/node_modules/next/dist/compiled/react-dom/cjs/react-dom.development.js:7718:3)
    at processRootScheduleInMicrotask (webpack-internal:///(app-pages-browser)/./node_modules/.pnpm/next@14.2.35_react-dom@18.3.1_react@18.3.1__react@18.3.1/node_modules/next/dist/compiled/react-dom/cjs/react-dom.development.js:7863:3)
    at eval (webpack-internal:///(app-pages-browser)/./node_modules/.pnpm/next@14.2.35_react-dom@18.3.1_react@18.3.1__react@18.3.1/node_modules/next/dist/compiled/react-dom/cjs/react-dom.development.js:8034:7)
[ 1045792ms] ReferenceError: HiOutlineClipboardDocumentList is not defined
    at eval (webpack-internal:///(app-pages-browser)/./src/app/(private)/home/_components/ChamadosTable.tsx:331:123)
    at Array.map (<anonymous>)
    at ChamadosTable (webpack-internal:///(app-pages-browser)/./src/app/(private)/home/_components/ChamadosTable.tsx:175:52)
    at renderWithHooks (webpack-internal:///(app-pages-browser)/./node_modules/.pnpm/next@14.2.35_react-dom@18.3.1_react@18.3.1__react@18.3.1/node_modules/next/dist/compiled/react-dom/cjs/react-dom.development.js:11121:18)
    at updateFunctionComponent (webpack-internal:///(app-pages-browser)/./node_modules/.pnpm/next@14.2.35_react-dom@18.3.1_react@18.3.1__react@18.3.1/node_modules/next/dist/compiled/react-dom/cjs/react-dom.development.js:16290:20)
    at beginWork$1 (webpack-internal:///(app-pages-browser)/./node_modules/.pnpm/next@14.2.35_react-dom@18.3.1_react@18.3.1__react@18.3.1/node_modules/next/dist/compiled/react-dom/cjs/react-dom.development.js:18472:16)
    at beginWork (webpack-internal:///(app-pages-browser)/./node_modules/.pnpm/next@14.2.35_react-dom@18.3.1_react@18.3.1__react@18.3.1/node_modules/next/dist/compiled/react-dom/cjs/react-dom.development.js:26927:14)
    at performUnitOfWork (webpack-internal:///(app-pages-browser)/./node_modules/.pnpm/next@14.2.35_react-dom@18.3.1_react@18.3.1__react@18.3.1/node_modules/next/dist/compiled/react-dom/cjs/react-dom.development.js:25748:12)
    at workLoopSync (webpack-internal:///(app-pages-browser)/./node_modules/.pnpm/next@14.2.35_react-dom@18.3.1_react@18.3.1__react@18.3.1/node_modules/next/dist/compiled/react-dom/cjs/react-dom.development.js:25464:5)
    at renderRootSync (webpack-internal:///(app-pages-browser)/./node_modules/.pnpm/next@14.2.35_react-dom@18.3.1_react@18.3.1__react@18.3.1/node_modules/next/dist/compiled/react-dom/cjs/react-dom.development.js:25419:7)
    at recoverFromConcurrentError (webpack-internal:///(app-pages-browser)/./node_modules/.pnpm/next@14.2.35_react-dom@18.3.1_react@18.3.1__react@18.3.1/node_modules/next/dist/compiled/react-dom/cjs/react-dom.development.js:24597:20)
    at performSyncWorkOnRoot (webpack-internal:///(app-pages-browser)/./node_modules/.pnpm/next@14.2.35_react-dom@18.3.1_react@18.3.1__react@18.3.1/node_modules/next/dist/compiled/react-dom/cjs/react-dom.development.js:24899:20)
    at flushSyncWorkAcrossRoots_impl (webpack-internal:///(app-pages-browser)/./node_modules/.pnpm/next@14.2.35_react-dom@18.3.1_react@18.3.1__react@18.3.1/node_modules/next/dist/compiled/react-dom/cjs/react-dom.development.js:7758:13)
    at flushSyncWorkOnAllRoots (webpack-internal:///(app-pages-browser)/./node_modules/.pnpm/next@14.2.35_react-dom@18.3.1_react@18.3.1__react@18.3.1/node_modules/next/dist/compiled/react-dom/cjs/react-dom.development.js:7718:3)
    at processRootScheduleInMicrotask (webpack-internal:///(app-pages-browser)/./node_modules/.pnpm/next@14.2.35_react-dom@18.3.1_react@18.3.1__react@18.3.1/node_modules/next/dist/compiled/react-dom/cjs/react-dom.development.js:7863:3)
    at eval (webpack-internal:///(app-pages-browser)/./node_modules/.pnpm/next@14.2.35_react-dom@18.3.1_react@18.3.1__react@18.3.1/node_modules/next/dist/compiled/react-dom/cjs/react-dom.development.js:8034:7)
[ 1045792ms] ReferenceError: HiOutlineClipboardDocumentList is not defined
    at eval (webpack-internal:///(app-pages-browser)/./src/app/(private)/home/_components/ChamadosTable.tsx:331:123)
    at Array.map (<anonymous>)
    at ChamadosTable (webpack-internal:///(app-pages-browser)/./src/app/(private)/home/_components/ChamadosTable.tsx:175:52)
    at renderWithHooks (webpack-internal:///(app-pages-browser)/./node_modules/.pnpm/next@14.2.35_react-dom@18.3.1_react@18.3.1__react@18.3.1/node_modules/next/dist/compiled/react-dom/cjs/react-dom.development.js:11121:18)
    at updateFunctionComponent (webpack-internal:///(app-pages-browser)/./node_modules/.pnpm/next@14.2.35_react-dom@18.3.1_react@18.3.1__react@18.3.1/node_modules/next/dist/compiled/react-dom/cjs/react-dom.development.js:16290:20)
    at beginWork$1 (webpack-internal:///(app-pages-browser)/./node_modules/.pnpm/next@14.2.35_react-dom@18.3.1_react@18.3.1__react@18.3.1/node_modules/next/dist/compiled/react-dom/cjs/react-dom.development.js:18472:16)
    at beginWork (webpack-internal:///(app-pages-browser)/./node_modules/.pnpm/next@14.2.35_react-dom@18.3.1_react@18.3.1__react@18.3.1/node_modules/next/dist/compiled/react-dom/cjs/react-dom.development.js:26927:14)
    at performUnitOfWork (webpack-internal:///(app-pages-browser)/./node_modules/.pnpm/next@14.2.35_react-dom@18.3.1_react@18.3.1__react@18.3.1/node_modules/next/dist/compiled/react-dom/cjs/react-dom.development.js:25748:12)
    at workLoopSync (webpack-internal:///(app-pages-browser)/./node_modules/.pnpm/next@14.2.35_react-dom@18.3.1_react@18.3.1__react@18.3.1/node_modules/next/dist/compiled/react-dom/cjs/react-dom.development.js:25464:5)
    at renderRootSync (webpack-internal:///(app-pages-browser)/./node_modules/.pnpm/next@14.2.35_react-dom@18.3.1_react@18.3.1__react@18.3.1/node_modules/next/dist/compiled/react-dom/cjs/react-dom.development.js:25419:7)
    at recoverFromConcurrentError (webpack-internal:///(app-pages-browser)/./node_modules/.pnpm/next@14.2.35_react-dom@18.3.1_react@18.3.1__react@18.3.1/node_modules/next/dist/compiled/react-dom/cjs/react-dom.development.js:24597:20)
    at performSyncWorkOnRoot (webpack-internal:///(app-pages-browser)/./node_modules/.pnpm/next@14.2.35_react-dom@18.3.1_react@18.3.1__react@18.3.1/node_modules/next/dist/compiled/react-dom/cjs/react-dom.development.js:24899:20)
    at flushSyncWorkAcrossRoots_impl (webpack-internal:///(app-pages-browser)/./node_modules/.pnpm/next@14.2.35_react-dom@18.3.1_react@18.3.1__react@18.3.1/node_modules/next/dist/compiled/react-dom/cjs/react-dom.development.js:7758:13)
    at flushSyncWorkOnAllRoots (webpack-internal:///(app-pages-browser)/./node_modules/.pnpm/next@14.2.35_react-dom@18.3.1_react@18.3.1__react@18.3.1/node_modules/next/dist/compiled/react-dom/cjs/react-dom.development.js:7718:3)
    at processRootScheduleInMicrotask (webpack-internal:///(app-pages-browser)/./node_modules/.pnpm/next@14.2.35_react-dom@18.3.1_react@18.3.1__react@18.3.1/node_modules/next/dist/compiled/react-dom/cjs/react-dom.development.js:7863:3)
    at eval (webpack-internal:///(app-pages-browser)/./node_modules/.pnpm/next@14.2.35_react-dom@18.3.1_react@18.3.1__react@18.3.1/node_modules/next/dist/compiled/react-dom/cjs/react-dom.development.js:8034:7)
[ 1045792ms] ReferenceError: HiOutlineClipboardDocumentList is not defined
    at eval (webpack-internal:///(app-pages-browser)/./src/app/(private)/home/_components/ChamadosTable.tsx:331:123)
    at Array.map (<anonymous>)
    at ChamadosTable (webpack-internal:///(app-pages-browser)/./src/app/(private)/home/_components/ChamadosTable.tsx:175:52)
    at renderWithHooks (webpack-internal:///(app-pages-browser)/./node_modules/.pnpm/next@14.2.35_react-dom@18.3.1_react@18.3.1__react@18.3.1/node_modules/next/dist/compiled/react-dom/cjs/react-dom.development.js:11121:18)
    at updateFunctionComponent (webpack-internal:///(app-pages-browser)/./node_modules/.pnpm/next@14.2.35_react-dom@18.3.1_react@18.3.1__react@18.3.1/node_modules/next/dist/compiled/react-dom/cjs/react-dom.development.js:16290:20)
    at beginWork$1 (webpack-internal:///(app-pages-browser)/./node_modules/.pnpm/next@14.2.35_react-dom@18.3.1_react@18.3.1__react@18.3.1/node_modules/next/dist/compiled/react-dom/cjs/react-dom.development.js:18472:16)
    at beginWork (webpack-internal:///(app-pages-browser)/./node_modules/.pnpm/next@14.2.35_react-dom@18.3.1_react@18.3.1__react@18.3.1/node_modules/next/dist/compiled/react-dom/cjs/react-dom.development.js:26927:14)
    at performUnitOfWork (webpack-internal:///(app-pages-browser)/./node_modules/.pnpm/next@14.2.35_react-dom@18.3.1_react@18.3.1__react@18.3.1/node_modules/next/dist/compiled/react-dom/cjs/react-dom.development.js:25748:12)
    at workLoopSync (webpack-internal:///(app-pages-browser)/./node_modules/.pnpm/next@14.2.35_react-dom@18.3.1_react@18.3.1__react@18.3.1/node_modules/next/dist/compiled/react-dom/cjs/react-dom.development.js:25464:5)
    at renderRootSync (webpack-internal:///(app-pages-browser)/./node_modules/.pnpm/next@14.2.35_react-dom@18.3.1_react@18.3.1__react@18.3.1/node_modules/next/dist/compiled/react-dom/cjs/react-dom.development.js:25419:7)
    at recoverFromConcurrentError (webpack-internal:///(app-pages-browser)/./node_modules/.pnpm/next@14.2.35_react-dom@18.3.1_react@18.3.1__react@18.3.1/node_modules/next/dist/compiled/react-dom/cjs/react-dom.development.js:24597:20)
    at performSyncWorkOnRoot (webpack-internal:///(app-pages-browser)/./node_modules/.pnpm/next@14.2.35_react-dom@18.3.1_react@18.3.1__react@18.3.1/node_modules/next/dist/compiled/react-dom/cjs/react-dom.development.js:24899:20)
    at flushSyncWorkAcrossRoots_impl (webpack-internal:///(app-pages-browser)/./node_modules/.pnpm/next@14.2.35_react-dom@18.3.1_react@18.3.1__react@18.3.1/node_modules/next/dist/compiled/react-dom/cjs/react-dom.development.js:7758:13)
    at flushSyncWorkOnAllRoots (webpack-internal:///(app-pages-browser)/./node_modules/.pnpm/next@14.2.35_react-dom@18.3.1_react@18.3.1__react@18.3.1/node_modules/next/dist/compiled/react-dom/cjs/react-dom.development.js:7718:3)
    at processRootScheduleInMicrotask (webpack-internal:///(app-pages-browser)/./node_modules/.pnpm/next@14.2.35_react-dom@18.3.1_react@18.3.1__react@18.3.1/node_modules/next/dist/compiled/react-dom/cjs/react-dom.development.js:7863:3)
    at eval (webpack-internal:///(app-pages-browser)/./node_modules/.pnpm/next@14.2.35_react-dom@18.3.1_react@18.3.1__react@18.3.1/node_modules/next/dist/compiled/react-dom/cjs/react-dom.development.js:8034:7)
[ 1045792ms] ReferenceError: HiOutlineClipboardDocumentList is not defined
    at eval (webpack-internal:///(app-pages-browser)/./src/app/(private)/home/_components/ChamadosTable.tsx:331:123)
    at Array.map (<anonymous>)
    at ChamadosTable (webpack-internal:///(app-pages-browser)/./src/app/(private)/home/_components/ChamadosTable.tsx:175:52)
    at renderWithHooks (webpack-internal:///(app-pages-browser)/./node_modules/.pnpm/next@14.2.35_react-dom@18.3.1_react@18.3.1__react@18.3.1/node_modules/next/dist/compiled/react-dom/cjs/react-dom.development.js:11121:18)
    at updateFunctionComponent (webpack-internal:///(app-pages-browser)/./node_modules/.pnpm/next@14.2.35_react-dom@18.3.1_react@18.3.1__react@18.3.1/node_modules/next/dist/compiled/react-dom/cjs/react-dom.development.js:16290:20)
    at beginWork$1 (webpack-internal:///(app-pages-browser)/./node_modules/.pnpm/next@14.2.35_react-dom@18.3.1_react@18.3.1__react@18.3.1/node_modules/next/dist/compiled/react-dom/cjs/react-dom.development.js:18472:16)
    at beginWork (webpack-internal:///(app-pages-browser)/./node_modules/.pnpm/next@14.2.35_react-dom@18.3.1_react@18.3.1__react@18.3.1/node_modules/next/dist/compiled/react-dom/cjs/react-dom.development.js:26927:14)
    at performUnitOfWork (webpack-internal:///(app-pages-browser)/./node_modules/.pnpm/next@14.2.35_react-dom@18.3.1_react@18.3.1__react@18.3.1/node_modules/next/dist/compiled/react-dom/cjs/react-dom.development.js:25748:12)
    at workLoopSync (webpack-internal:///(app-pages-browser)/./node_modules/.pnpm/next@14.2.35_react-dom@18.3.1_react@18.3.1__react@18.3.1/node_modules/next/dist/compiled/react-dom/cjs/react-dom.development.js:25464:5)
    at renderRootSync (webpack-internal:///(app-pages-browser)/./node_modules/.pnpm/next@14.2.35_react-dom@18.3.1_react@18.3.1__react@18.3.1/node_modules/next/dist/compiled/react-dom/cjs/react-dom.development.js:25419:7)
    at recoverFromConcurrentError (webpack-internal:///(app-pages-browser)/./node_modules/.pnpm/next@14.2.35_react-dom@18.3.1_react@18.3.1__react@18.3.1/node_modules/next/dist/compiled/react-dom/cjs/react-dom.development.js:24597:20)
    at performSyncWorkOnRoot (webpack-internal:///(app-pages-browser)/./node_modules/.pnpm/next@14.2.35_react-dom@18.3.1_react@18.3.1__react@18.3.1/node_modules/next/dist/compiled/react-dom/cjs/react-dom.development.js:24899:20)
    at flushSyncWorkAcrossRoots_impl (webpack-internal:///(app-pages-browser)/./node_modules/.pnpm/next@14.2.35_react-dom@18.3.1_react@18.3.1__react@18.3.1/node_modules/next/dist/compiled/react-dom/cjs/react-dom.development.js:7758:13)
    at flushSyncWorkOnAllRoots (webpack-internal:///(app-pages-browser)/./node_modules/.pnpm/next@14.2.35_react-dom@18.3.1_react@18.3.1__react@18.3.1/node_modules/next/dist/compiled/react-dom/cjs/react-dom.development.js:7718:3)
    at processRootScheduleInMicrotask (webpack-internal:///(app-pages-browser)/./node_modules/.pnpm/next@14.2.35_react-dom@18.3.1_react@18.3.1__react@18.3.1/node_modules/next/dist/compiled/react-dom/cjs/react-dom.development.js:7863:3)
    at eval (webpack-internal:///(app-pages-browser)/./node_modules/.pnpm/next@14.2.35_react-dom@18.3.1_react@18.3.1__react@18.3.1/node_modules/next/dist/compiled/react-dom/cjs/react-dom.development.js:8034:7)
[ 1045792ms] ReferenceError: HiOutlineClipboardDocumentList is not defined
    at eval (webpack-internal:///(app-pages-browser)/./src/app/(private)/home/_components/ChamadosTable.tsx:331:123)
    at Array.map (<anonymous>)
    at ChamadosTable (webpack-internal:///(app-pages-browser)/./src/app/(private)/home/_components/ChamadosTable.tsx:175:52)
    at renderWithHooks (webpack-internal:///(app-pages-browser)/./node_modules/.pnpm/next@14.2.35_react-dom@18.3.1_react@18.3.1__react@18.3.1/node_modules/next/dist/compiled/react-dom/cjs/react-dom.development.js:11121:18)
    at updateFunctionComponent (webpack-internal:///(app-pages-browser)/./node_modules/.pnpm/next@14.2.35_react-dom@18.3.1_react@18.3.1__react@18.3.1/node_modules/next/dist/compiled/react-dom/cjs/react-dom.development.js:16290:20)
    at beginWork$1 (webpack-internal:///(app-pages-browser)/./node_modules/.pnpm/next@14.2.35_react-dom@18.3.1_react@18.3.1__react@18.3.1/node_modules/next/dist/compiled/react-dom/cjs/react-dom.development.js:18472:16)
    at beginWork (webpack-internal:///(app-pages-browser)/./node_modules/.pnpm/next@14.2.35_react-dom@18.3.1_react@18.3.1__react@18.3.1/node_modules/next/dist/compiled/react-dom/cjs/react-dom.development.js:26927:14)
    at performUnitOfWork (webpack-internal:///(app-pages-browser)/./node_modules/.pnpm/next@14.2.35_react-dom@18.3.1_react@18.3.1__react@18.3.1/node_modules/next/dist/compiled/react-dom/cjs/react-dom.development.js:25748:12)
    at workLoopSync (webpack-internal:///(app-pages-browser)/./node_modules/.pnpm/next@14.2.35_react-dom@18.3.1_react@18.3.1__react@18.3.1/node_modules/next/dist/compiled/react-dom/cjs/react-dom.development.js:25464:5)
    at renderRootSync (webpack-internal:///(app-pages-browser)/./node_modules/.pnpm/next@14.2.35_react-dom@18.3.1_react@18.3.1__react@18.3.1/node_modules/next/dist/compiled/react-dom/cjs/react-dom.development.js:25419:7)
    at recoverFromConcurrentError (webpack-internal:///(app-pages-browser)/./node_modules/.pnpm/next@14.2.35_react-dom@18.3.1_react@18.3.1__react@18.3.1/node_modules/next/dist/compiled/react-dom/cjs/react-dom.development.js:24597:20)
    at performSyncWorkOnRoot (webpack-internal:///(app-pages-browser)/./node_modules/.pnpm/next@14.2.35_react-dom@18.3.1_react@18.3.1__react@18.3.1/node_modules/next/dist/compiled/react-dom/cjs/react-dom.development.js:24899:20)
    at flushSyncWorkAcrossRoots_impl (webpack-internal:///(app-pages-browser)/./node_modules/.pnpm/next@14.2.35_react-dom@18.3.1_react@18.3.1__react@18.3.1/node_modules/next/dist/compiled/react-dom/cjs/react-dom.development.js:7758:13)
    at flushSyncWorkOnAllRoots (webpack-internal:///(app-pages-browser)/./node_modules/.pnpm/next@14.2.35_react-dom@18.3.1_react@18.3.1__react@18.3.1/node_modules/next/dist/compiled/react-dom/cjs/react-dom.development.js:7718:3)
    at processRootScheduleInMicrotask (webpack-internal:///(app-pages-browser)/./node_modules/.pnpm/next@14.2.35_react-dom@18.3.1_react@18.3.1__react@18.3.1/node_modules/next/dist/compiled/react-dom/cjs/react-dom.development.js:7863:3)
    at eval (webpack-internal:///(app-pages-browser)/./node_modules/.pnpm/next@14.2.35_react-dom@18.3.1_react@18.3.1__react@18.3.1/node_modules/next/dist/compiled/react-dom/cjs/react-dom.development.js:8034:7)
[ 1045768ms] [ERROR] The above error occurred in the <NotFoundErrorBoundary> component:

    at ChamadosTable (webpack-internal:///(app-pages-browser)/./src/app/(private)/home/_components/ChamadosTable.tsx:63:11)
    at div
    at section
    at div
    at main
    at Home (webpack-internal:///(app-pages-browser)/./src/app/(private)/home/page.tsx:49:90)
    at ClientPageRoot (webpack-internal:///(app-pages-browser)/./node_modules/.pnpm/next@14.2.35_react-dom@18.3.1_react@18.3.1__react@18.3.1/node_modules/next/dist/client/components/client-page.js:14:11)
    at InnerLayoutRouter (webpack-internal:///(app-pages-browser)/./node_modules/.pnpm/next@14.2.35_react-dom@18.3.1_react@18.3.1__react@18.3.1/node_modules/next/dist/client/components/layout-router.js:243:11)
    at RedirectErrorBoundary (webpack-internal:///(app-pages-browser)/./node_modules/.pnpm/next@14.2.35_react-dom@18.3.1_react@18.3.1__react@18.3.1/node_modules/next/dist/client/components/redirect-boundary.js:74:9)
    at RedirectBoundary (webpack-internal:///(app-pages-browser)/./node_modules/.pnpm/next@14.2.35_react-dom@18.3.1_react@18.3.1__react@18.3.1/node_modules/next/dist/client/components/redirect-boundary.js:82:11)
    at NotFoundBoundary (webpack-internal:///(app-pages-browser)/./node_modules/.pnpm/next@14.2.35_react-dom@18.3.1_react@18.3.1__react@18.3.1/node_modules/next/dist/client/components/not-found-boundary.js:84:11)
    at LoadingBoundary (webpack-internal:///(app-pages-browser)/./node_modules/.pnpm/next@14.2.35_react-dom@18.3.1_react@18.3.1__react@18.3.1/node_modules/next/dist/client/components/layout-router.js:349:11)
    at ErrorBoundary (webpack-internal:///(app-pages-browser)/./node_modules/.pnpm/next@14.2.35_react-dom@18.3.1_react@18.3.1__react@18.3.1/node_modules/next/dist/client/components/error-boundary.js:160:11)
    at InnerScrollAndFocusHandler (webpack-internal:///(app-pages-browser)/./node_modules/.pnpm/next@14.2.35_react-dom@18.3.1_react@18.3.1__react@18.3.1/node_modules/next/dist/client/components/layout-router.js:153:9)
    at ScrollAndFocusHandler (webpack-internal:///(app-pages-browser)/./node_modules/.pnpm/next@14.2.35_react-dom@18.3.1_react@18.3.1__react@18.3.1/node_modules/next/dist/client/components/layout-router.js:228:11)
    at RenderFromTemplateContext (webpack-internal:///(app-pages-browser)/./node_modules/.pnpm/next@14.2.35_react-dom@18.3.1_react@18.3.1__react@18.3.1/node_modules/next/dist/client/components/render-from-template-context.js:16:44)
    at OuterLayoutRouter (webpack-internal:///(app-pages-browser)/./node_modules/.pnpm/next@14.2.35_react-dom@18.3.1_react@18.3.1__react@18.3.1/node_modules/next/dist/client/components/layout-router.js:370:11)
    at InnerLayoutRouter (webpack-internal:///(app-pages-browser)/./node_modules/.pnpm/next@14.2.35_react-dom@18.3.1_react@18.3.1__react@18.3.1/node_modules/next/dist/client/components/layout-router.js:243:11)
    at RedirectErrorBoundary (webpack-internal:///(app-pages-browser)/./node_modules/.pnpm/next@14.2.35_react-dom@18.3.1_react@18.3.1__react@18.3.1/node_modules/next/dist/client/components/redirect-boundary.js:74:9)
    at RedirectBoundary (webpack-internal:///(app-pages-browser)/./node_modules/.pnpm/next@14.2.35_react-dom@18.3.1_react@18.3.1__react@18.3.1/node_modules/next/dist/client/components/redirect-boundary.js:82:11)
    at NotFoundErrorBoundary (webpack-internal:///(app-pages-browser)/./node_modules/.pnpm/next@14.2.35_react-dom@18.3.1_react@18.3.1__react@18.3.1/node_modules/next/dist/client/components/not-found-boundary.js:76:9)
    at NotFoundBoundary (webpack-internal:///(app-pages-browser)/./node_modules/.pnpm/next@14.2.35_react-dom@18.3.1_react@18.3.1__react@18.3.1/node_modules/next/dist/client/components/not-found-boundary.js:84:11)
    at LoadingBoundary (webpack-internal:///(app-pages-browser)/./node_modules/.pnpm/next@14.2.35_react-dom@18.3.1_react@18.3.1__react@18.3.1/node_modules/next/dist/client/components/layout-router.js:349:11)
    at ErrorBoundary (webpack-internal:///(app-pages-browser)/./node_modules/.pnpm/next@14.2.35_react-dom@18.3.1_react@18.3.1__react@18.3.1/node_modules/next/dist/client/components/error-boundary.js:160:11)
    at InnerScrollAndFocusHandler (webpack-internal:///(app-pages-browser)/./node_modules/.pnpm/next@14.2.35_react-dom@18.3.1_react@18.3.1__react@18.3.1/node_modules/next/dist/client/components/layout-router.js:153:9)
    at ScrollAndFocusHandler (webpack-internal:///(app-pages-browser)/./node_modules/.pnpm/next@14.2.35_react-dom@18.3.1_react@18.3.1__react@18.3.1/node_modules/next/dist/client/components/layout-router.js:228:11)
    at RenderFromTemplateContext (webpack-internal:///(app-pages-browser)/./node_modules/.pnpm/next@14.2.35_react-dom@18.3.1_react@18.3.1__react@18.3.1/node_modules/next/dist/client/components/render-from-template-context.js:16:44)
    at OuterLayoutRouter (webpack-internal:///(app-pages-browser)/./node_modules/.pnpm/next@14.2.35_react-dom@18.3.1_react@18.3.1__react@18.3.1/node_modules/next/dist/client/components/layout-router.js:370:11)
    at InnerLayoutRouter (webpack-internal:///(app-pages-browser)/./node_modules/.pnpm/next@14.2.35_react-dom@18.3.1_react@18.3.1__react@18.3.1/node_modules/next/dist/client/components/layout-router.js:243:11)
    at RedirectErrorBoundary (webpack-internal:///(app-pages-browser)/./node_modules/.pnpm/next@14.2.35_react-dom@18.3.1_react@18.3.1__react@18.3.1/node_modules/next/dist/client/components/redirect-boundary.js:74:9)
    at RedirectBoundary (webpack-internal:///(app-pages-browser)/./node_modules/.pnpm/next@14.2.35_react-dom@18.3.1_react@18.3.1__react@18.3.1/node_modules/next/dist/client/components/redirect-boundary.js:82:11)
    at NotFoundErrorBoundary (webpack-internal:///(app-pages-browser)/./node_modules/.pnpm/next@14.2.35_react-dom@18.3.1_react@18.3.1__react@18.3.1/node_modules/next/dist/client/components/not-found-boundary.js:76:9)
    at NotFoundBoundary (webpack-internal:///(app-pages-browser)/./node_modules/.pnpm/next@14.2.35_react-dom@18.3.1_react@18.3.1__react@18.3.1/node_modules/next/dist/client/components/not-found-boundary.js:84:11)
    at LoadingBoundary (webpack-internal:///(app-pages-browser)/./node_modules/.pnpm/next@14.2.35_react-dom@18.3.1_react@18.3.1__react@18.3.1/node_modules/next/dist/client/components/layout-router.js:349:11)
    at ErrorBoundary (webpack-internal:///(app-pages-browser)/./node_modules/.pnpm/next@14.2.35_react-dom@18.3.1_react@18.3.1__react@18.3.1/node_modules/next/dist/client/components/error-boundary.js:160:11)
    at InnerScrollAndFocusHandler (webpack-internal:///(app-pages-browser)/./node_modules/.pnpm/next@14.2.35_react-dom@18.3.1_react@18.3.1__react@18.3.1/node_modules/next/dist/client/components/layout-router.js:153:9)
    at ScrollAndFocusHandler (webpack-internal:///(app-pages-browser)/./node_modules/.pnpm/next@14.2.35_react-dom@18.3.1_react@18.3.1__react@18.3.1/node_modules/next/dist/client/components/layout-router.js:228:11)
    at RenderFromTemplateContext (webpack-internal:///(app-pages-browser)/./node_modules/.pnpm/next@14.2.35_react-dom@18.3.1_react@18.3.1__react@18.3.1/node_modules/next/dist/client/components/render-from-template-context.js:16:44)
    at OuterLayoutRouter (webpack-internal:///(app-pages-browser)/./node_modules/.pnpm/next@14.2.35_react-dom@18.3.1_react@18.3.1__react@18.3.1/node_modules/next/dist/client/components/layout-router.js:370:11)
    at body
    at html
    at SessionProvider (webpack-internal:///(app-pages-browser)/./node_modules/.pnpm/next-auth@4.24.14_next@14.2_3c6995bb7fe1b51c92ddd1c1f45f2e25/node_modules/next-auth/react/index.js:365:24)
    at NextAuthProvider (webpack-internal:///(app-pages-browser)/./src/providers/auth-provider.tsx:11:11)
    at RootLayout (Server)
    at RedirectErrorBoundary (webpack-internal:///(app-pages-browser)/./node_modules/.pnpm/next@14.2.35_react-dom@18.3.1_react@18.3.1__react@18.3.1/node_modules/next/dist/client/components/redirect-boundary.js:74:9)
    at RedirectBoundary (webpack-internal:///(app-pages-browser)/./node_modules/.pnpm/next@14.2.35_react-dom@18.3.1_react@18.3.1__react@18.3.1/node_modules/next/dist/client/components/redirect-boundary.js:82:11)
    at NotFoundErrorBoundary (webpack-internal:///(app-pages-browser)/./node_modules/.pnpm/next@14.2.35_react-dom@18.3.1_react@18.3.1__react@18.3.1/node_modules/next/dist/client/components/not-found-boundary.js:76:9)
    at NotFoundBoundary (webpack-internal:///(app-pages-browser)/./node_modules/.pnpm/next@14.2.35_react-dom@18.3.1_react@18.3.1__react@18.3.1/node_modules/next/dist/client/components/not-found-boundary.js:84:11)
    at DevRootNotFoundBoundary (webpack-internal:///(app-pages-browser)/./node_modules/.pnpm/next@14.2.35_react-dom@18.3.1_react@18.3.1__react@18.3.1/node_modules/next/dist/client/components/dev-root-not-found-boundary.js:33:11)
    at ReactDevOverlay (webpack-internal:///(app-pages-browser)/./node_modules/.pnpm/next@14.2.35_react-dom@18.3.1_react@18.3.1__react@18.3.1/node_modules/next/dist/client/components/react-dev-overlay/app/ReactDevOverlay.js:87:9)
    at HotReload (webpack-internal:///(app-pages-browser)/./node_modules/.pnpm/next@14.2.35_react-dom@18.3.1_react@18.3.1__react@18.3.1/node_modules/next/dist/client/components/react-dev-overlay/app/hot-reloader-client.js:321:11)
    at Router (webpack-internal:///(app-pages-browser)/./node_modules/.pnpm/next@14.2.35_react-dom@18.3.1_react@18.3.1__react@18.3.1/node_modules/next/dist/client/components/app-router.js:207:11)
    at ErrorBoundaryHandler (webpack-internal:///(app-pages-browser)/./node_modules/.pnpm/next@14.2.35_react-dom@18.3.1_react@18.3.1__react@18.3.1/node_modules/next/dist/client/components/error-boundary.js:113:9)
    at ErrorBoundary (webpack-internal:///(app-pages-browser)/./node_modules/.pnpm/next@14.2.35_react-dom@18.3.1_react@18.3.1__react@18.3.1/node_modules/next/dist/client/components/error-boundary.js:160:11)
    at AppRouter (webpack-internal:///(app-pages-browser)/./node_modules/.pnpm/next@14.2.35_react-dom@18.3.1_react@18.3.1__react@18.3.1/node_modules/next/dist/client/components/app-router.js:585:13)
    at ServerRoot (webpack-internal:///(app-pages-browser)/./node_modules/.pnpm/next@14.2.35_react-dom@18.3.1_react@18.3.1__react@18.3.1/node_modules/next/dist/client/app-index.js:112:27)
    at Root (webpack-internal:///(app-pages-browser)/./node_modules/.pnpm/next@14.2.35_react-dom@18.3.1_react@18.3.1__react@18.3.1/node_modules/next/dist/client/app-index.js:117:11)

React will try to recreate this component tree from scratch using the error boundary you provided, ReactDevOverlay. @ webpack-internal:///(app-pages-browser)/./node_modules/.pnpm/next@14.2.35_react-dom@18.3.1_react@18.3.1__react@18.3.1/node_modules/next/dist/client/app-index.js:32
[ 1056952ms] [LOG] [Fast Refresh] rebuilding @ webpack-internal:///(app-pages-browser)/./node_modules/.pnpm/next@14.2.35_react-dom@18.3.1_react@18.3.1__react@18.3.1/node_modules/next/dist/client/components/react-dev-overlay/app/hot-reloader-client.js:186
[ 1061691ms] ReferenceError: HiOutlineClipboardDocumentList is not defined
    at eval (webpack-internal:///(app-pages-browser)/./src/app/(private)/home/_components/ChamadosTable.tsx:331:123)
    at Array.map (<anonymous>)
    at ChamadosTable (webpack-internal:///(app-pages-browser)/./src/app/(private)/home/_components/ChamadosTable.tsx:175:52)
    at renderWithHooks (webpack-internal:///(app-pages-browser)/./node_modules/.pnpm/next@14.2.35_react-dom@18.3.1_react@18.3.1__react@18.3.1/node_modules/next/dist/compiled/react-dom/cjs/react-dom.development.js:11121:18)
    at mountIndeterminateComponent (webpack-internal:///(app-pages-browser)/./node_modules/.pnpm/next@14.2.35_react-dom@18.3.1_react@18.3.1__react@18.3.1/node_modules/next/dist/compiled/react-dom/cjs/react-dom.development.js:16869:13)
    at beginWork$1 (webpack-internal:///(app-pages-browser)/./node_modules/.pnpm/next@14.2.35_react-dom@18.3.1_react@18.3.1__react@18.3.1/node_modules/next/dist/compiled/react-dom/cjs/react-dom.development.js:18458:16)
    at HTMLUnknownElement.callCallback (webpack-internal:///(app-pages-browser)/./node_modules/.pnpm/next@14.2.35_react-dom@18.3.1_react@18.3.1__react@18.3.1/node_modules/next/dist/compiled/react-dom/cjs/react-dom.development.js:20565:14)
    at Object.invokeGuardedCallbackImpl (webpack-internal:///(app-pages-browser)/./node_modules/.pnpm/next@14.2.35_react-dom@18.3.1_react@18.3.1__react@18.3.1/node_modules/next/dist/compiled/react-dom/cjs/react-dom.development.js:20614:16)
    at invokeGuardedCallback (webpack-internal:///(app-pages-browser)/./node_modules/.pnpm/next@14.2.35_react-dom@18.3.1_react@18.3.1__react@18.3.1/node_modules/next/dist/compiled/react-dom/cjs/react-dom.development.js:20689:29)
    at beginWork (webpack-internal:///(app-pages-browser)/./node_modules/.pnpm/next@14.2.35_react-dom@18.3.1_react@18.3.1__react@18.3.1/node_modules/next/dist/compiled/react-dom/cjs/react-dom.development.js:26949:7)
    at performUnitOfWork (webpack-internal:///(app-pages-browser)/./node_modules/.pnpm/next@14.2.35_react-dom@18.3.1_react@18.3.1__react@18.3.1/node_modules/next/dist/compiled/react-dom/cjs/react-dom.development.js:25748:12)
    at workLoopSync (webpack-internal:///(app-pages-browser)/./node_modules/.pnpm/next@14.2.35_react-dom@18.3.1_react@18.3.1__react@18.3.1/node_modules/next/dist/compiled/react-dom/cjs/react-dom.development.js:25464:5)
    at renderRootSync (webpack-internal:///(app-pages-browser)/./node_modules/.pnpm/next@14.2.35_react-dom@18.3.1_react@18.3.1__react@18.3.1/node_modules/next/dist/compiled/react-dom/cjs/react-dom.development.js:25419:7)
    at performSyncWorkOnRoot (webpack-internal:///(app-pages-browser)/./node_modules/.pnpm/next@14.2.35_react-dom@18.3.1_react@18.3.1__react@18.3.1/node_modules/next/dist/compiled/react-dom/cjs/react-dom.development.js:24887:20)
    at flushSyncWorkAcrossRoots_impl (webpack-internal:///(app-pages-browser)/./node_modules/.pnpm/next@14.2.35_react-dom@18.3.1_react@18.3.1__react@18.3.1/node_modules/next/dist/compiled/react-dom/cjs/react-dom.development.js:7758:13)
    at flushSyncWorkOnAllRoots (webpack-internal:///(app-pages-browser)/./node_modules/.pnpm/next@14.2.35_react-dom@18.3.1_react@18.3.1__react@18.3.1/node_modules/next/dist/compiled/react-dom/cjs/react-dom.development.js:7718:3)
    at flushSync$1 (webpack-internal:///(app-pages-browser)/./node_modules/.pnpm/next@14.2.35_react-dom@18.3.1_react@18.3.1__react@18.3.1/node_modules/next/dist/compiled/react-dom/cjs/react-dom.development.js:24999:7)
    at Object.scheduleRefresh (webpack-internal:///(app-pages-browser)/./node_modules/.pnpm/next@14.2.35_react-dom@18.3.1_react@18.3.1__react@18.3.1/node_modules/next/dist/compiled/react-dom/cjs/react-dom.development.js:27285:5)
    at eval (webpack-internal:///(app-pages-browser)/./node_modules/.pnpm/next@14.2.35_react-dom@18.3.1_react@18.3.1__react@18.3.1/node_modules/next/dist/compiled/react-refresh/cjs/react-refresh-runtime.development.js:265:17)
    at Set.forEach (<anonymous>)
    at Object.performReactRefresh (webpack-internal:///(app-pages-browser)/./node_modules/.pnpm/next@14.2.35_react-dom@18.3.1_react@18.3.1__react@18.3.1/node_modules/next/dist/compiled/react-refresh/cjs/react-refresh-runtime.development.js:254:26)
    at applyUpdate (webpack-internal:///(app-pages-browser)/./node_modules/.pnpm/next@14.2.35_react-dom@18.3.1_react@18.3.1__react@18.3.1/node_modules/next/dist/compiled/@next/react-refresh-utils/dist/internal/helpers.js:139:31)
    at statusHandler (webpack-internal:///(app-pages-browser)/./node_modules/.pnpm/next@14.2.35_react-dom@18.3.1_react@18.3.1__react@18.3.1/node_modules/next/dist/compiled/@next/react-refresh-utils/dist/internal/helpers.js:156:13)
    at setStatus (http://localhost:3000/_next/static/chunks/webpack.js?v=1788967433687:508:55)
    at http://localhost:3000/_next/static/chunks/webpack.js?v=1788967433687:678:21
[ 1061694ms] ReferenceError: HiOutlineClipboardDocumentList is not defined
    at eval (webpack-internal:///(app-pages-browser)/./src/app/(private)/home/_components/ChamadosTable.tsx:331:123)
    at Array.map (<anonymous>)
    at ChamadosTable (webpack-internal:///(app-pages-browser)/./src/app/(private)/home/_components/ChamadosTable.tsx:175:52)
    at renderWithHooks (webpack-internal:///(app-pages-browser)/./node_modules/.pnpm/next@14.2.35_react-dom@18.3.1_react@18.3.1__react@18.3.1/node_modules/next/dist/compiled/react-dom/cjs/react-dom.development.js:11121:18)
    at mountIndeterminateComponent (webpack-internal:///(app-pages-browser)/./node_modules/.pnpm/next@14.2.35_react-dom@18.3.1_react@18.3.1__react@18.3.1/node_modules/next/dist/compiled/react-dom/cjs/react-dom.development.js:16869:13)
    at beginWork$1 (webpack-internal:///(app-pages-browser)/./node_modules/.pnpm/next@14.2.35_react-dom@18.3.1_react@18.3.1__react@18.3.1/node_modules/next/dist/compiled/react-dom/cjs/react-dom.development.js:18458:16)
    at beginWork (webpack-internal:///(app-pages-browser)/./node_modules/.pnpm/next@14.2.35_react-dom@18.3.1_react@18.3.1__react@18.3.1/node_modules/next/dist/compiled/react-dom/cjs/react-dom.development.js:26927:14)
    at performUnitOfWork (webpack-internal:///(app-pages-browser)/./node_modules/.pnpm/next@14.2.35_react-dom@18.3.1_react@18.3.1__react@18.3.1/node_modules/next/dist/compiled/react-dom/cjs/react-dom.development.js:25748:12)
    at workLoopSync (webpack-internal:///(app-pages-browser)/./node_modules/.pnpm/next@14.2.35_react-dom@18.3.1_react@18.3.1__react@18.3.1/node_modules/next/dist/compiled/react-dom/cjs/react-dom.development.js:25464:5)
    at renderRootSync (webpack-internal:///(app-pages-browser)/./node_modules/.pnpm/next@14.2.35_react-dom@18.3.1_react@18.3.1__react@18.3.1/node_modules/next/dist/compiled/react-dom/cjs/react-dom.development.js:25419:7)
    at performSyncWorkOnRoot (webpack-internal:///(app-pages-browser)/./node_modules/.pnpm/next@14.2.35_react-dom@18.3.1_react@18.3.1__react@18.3.1/node_modules/next/dist/compiled/react-dom/cjs/react-dom.development.js:24887:20)
    at flushSyncWorkAcrossRoots_impl (webpack-internal:///(app-pages-browser)/./node_modules/.pnpm/next@14.2.35_react-dom@18.3.1_react@18.3.1__react@18.3.1/node_modules/next/dist/compiled/react-dom/cjs/react-dom.development.js:7758:13)
    at flushSyncWorkOnAllRoots (webpack-internal:///(app-pages-browser)/./node_modules/.pnpm/next@14.2.35_react-dom@18.3.1_react@18.3.1__react@18.3.1/node_modules/next/dist/compiled/react-dom/cjs/react-dom.development.js:7718:3)
    at flushSync$1 (webpack-internal:///(app-pages-browser)/./node_modules/.pnpm/next@14.2.35_react-dom@18.3.1_react@18.3.1__react@18.3.1/node_modules/next/dist/compiled/react-dom/cjs/react-dom.development.js:24999:7)
    at Object.scheduleRefresh (webpack-internal:///(app-pages-browser)/./node_modules/.pnpm/next@14.2.35_react-dom@18.3.1_react@18.3.1__react@18.3.1/node_modules/next/dist/compiled/react-dom/cjs/react-dom.development.js:27285:5)
    at eval (webpack-internal:///(app-pages-browser)/./node_modules/.pnpm/next@14.2.35_react-dom@18.3.1_react@18.3.1__react@18.3.1/node_modules/next/dist/compiled/react-refresh/cjs/react-refresh-runtime.development.js:265:17)
    at Set.forEach (<anonymous>)
    at Object.performReactRefresh (webpack-internal:///(app-pages-browser)/./node_modules/.pnpm/next@14.2.35_react-dom@18.3.1_react@18.3.1__react@18.3.1/node_modules/next/dist/compiled/react-refresh/cjs/react-refresh-runtime.development.js:254:26)
    at applyUpdate (webpack-internal:///(app-pages-browser)/./node_modules/.pnpm/next@14.2.35_react-dom@18.3.1_react@18.3.1__react@18.3.1/node_modules/next/dist/compiled/@next/react-refresh-utils/dist/internal/helpers.js:139:31)
    at statusHandler (webpack-internal:///(app-pages-browser)/./node_modules/.pnpm/next@14.2.35_react-dom@18.3.1_react@18.3.1__react@18.3.1/node_modules/next/dist/compiled/@next/react-refresh-utils/dist/internal/helpers.js:156:13)
    at setStatus (http://localhost:3000/_next/static/chunks/webpack.js?v=1788967433687:508:55)
    at http://localhost:3000/_next/static/chunks/webpack.js?v=1788967433687:678:21
[ 1061696ms] ReferenceError: HiOutlineClipboardDocumentList is not defined
    at eval (webpack-internal:///(app-pages-browser)/./src/app/(private)/home/_components/ChamadosTable.tsx:331:123)
    at Array.map (<anonymous>)
    at ChamadosTable (webpack-internal:///(app-pages-browser)/./src/app/(private)/home/_components/ChamadosTable.tsx:175:52)
    at renderWithHooks (webpack-internal:///(app-pages-browser)/./node_modules/.pnpm/next@14.2.35_react-dom@18.3.1_react@18.3.1__react@18.3.1/node_modules/next/dist/compiled/react-dom/cjs/react-dom.development.js:11121:18)
    at mountIndeterminateComponent (webpack-internal:///(app-pages-browser)/./node_modules/.pnpm/next@14.2.35_react-dom@18.3.1_react@18.3.1__react@18.3.1/node_modules/next/dist/compiled/react-dom/cjs/react-dom.development.js:16869:13)
    at beginWork$1 (webpack-internal:///(app-pages-browser)/./node_modules/.pnpm/next@14.2.35_react-dom@18.3.1_react@18.3.1__react@18.3.1/node_modules/next/dist/compiled/react-dom/cjs/react-dom.development.js:18458:16)
    at beginWork (webpack-internal:///(app-pages-browser)/./node_modules/.pnpm/next@14.2.35_react-dom@18.3.1_react@18.3.1__react@18.3.1/node_modules/next/dist/compiled/react-dom/cjs/react-dom.development.js:26927:14)
    at performUnitOfWork (webpack-internal:///(app-pages-browser)/./node_modules/.pnpm/next@14.2.35_react-dom@18.3.1_react@18.3.1__react@18.3.1/node_modules/next/dist/compiled/react-dom/cjs/react-dom.development.js:25748:12)
    at workLoopSync (webpack-internal:///(app-pages-browser)/./node_modules/.pnpm/next@14.2.35_react-dom@18.3.1_react@18.3.1__react@18.3.1/node_modules/next/dist/compiled/react-dom/cjs/react-dom.development.js:25464:5)
    at renderRootSync (webpack-internal:///(app-pages-browser)/./node_modules/.pnpm/next@14.2.35_react-dom@18.3.1_react@18.3.1__react@18.3.1/node_modules/next/dist/compiled/react-dom/cjs/react-dom.development.js:25419:7)
    at performSyncWorkOnRoot (webpack-internal:///(app-pages-browser)/./node_modules/.pnpm/next@14.2.35_react-dom@18.3.1_react@18.3.1__react@18.3.1/node_modules/next/dist/compiled/react-dom/cjs/react-dom.development.js:24887:20)
    at flushSyncWorkAcrossRoots_impl (webpack-internal:///(app-pages-browser)/./node_modules/.pnpm/next@14.2.35_react-dom@18.3.1_react@18.3.1__react@18.3.1/node_modules/next/dist/compiled/react-dom/cjs/react-dom.development.js:7758:13)
    at flushSyncWorkOnAllRoots (webpack-internal:///(app-pages-browser)/./node_modules/.pnpm/next@14.2.35_react-dom@18.3.1_react@18.3.1__react@18.3.1/node_modules/next/dist/compiled/react-dom/cjs/react-dom.development.js:7718:3)
    at flushSync$1 (webpack-internal:///(app-pages-browser)/./node_modules/.pnpm/next@14.2.35_react-dom@18.3.1_react@18.3.1__react@18.3.1/node_modules/next/dist/compiled/react-dom/cjs/react-dom.development.js:24999:7)
    at Object.scheduleRefresh (webpack-internal:///(app-pages-browser)/./node_modules/.pnpm/next@14.2.35_react-dom@18.3.1_react@18.3.1__react@18.3.1/node_modules/next/dist/compiled/react-dom/cjs/react-dom.development.js:27285:5)
    at eval (webpack-internal:///(app-pages-browser)/./node_modules/.pnpm/next@14.2.35_react-dom@18.3.1_react@18.3.1__react@18.3.1/node_modules/next/dist/compiled/react-refresh/cjs/react-refresh-runtime.development.js:265:17)
    at Set.forEach (<anonymous>)
    at Object.performReactRefresh (webpack-internal:///(app-pages-browser)/./node_modules/.pnpm/next@14.2.35_react-dom@18.3.1_react@18.3.1__react@18.3.1/node_modules/next/dist/compiled/react-refresh/cjs/react-refresh-runtime.development.js:254:26)
    at applyUpdate (webpack-internal:///(app-pages-browser)/./node_modules/.pnpm/next@14.2.35_react-dom@18.3.1_react@18.3.1__react@18.3.1/node_modules/next/dist/compiled/@next/react-refresh-utils/dist/internal/helpers.js:139:31)
    at statusHandler (webpack-internal:///(app-pages-browser)/./node_modules/.pnpm/next@14.2.35_react-dom@18.3.1_react@18.3.1__react@18.3.1/node_modules/next/dist/compiled/@next/react-refresh-utils/dist/internal/helpers.js:156:13)
    at setStatus (http://localhost:3000/_next/static/chunks/webpack.js?v=1788967433687:508:55)
    at http://localhost:3000/_next/static/chunks/webpack.js?v=1788967433687:678:21
[ 1061705ms] ReferenceError: HiOutlineClipboardDocumentList is not defined
    at eval (webpack-internal:///(app-pages-browser)/./src/app/(private)/home/_components/ChamadosTable.tsx:331:123)
    at Array.map (<anonymous>)
    at ChamadosTable (webpack-internal:///(app-pages-browser)/./src/app/(private)/home/_components/ChamadosTable.tsx:175:52)
    at renderWithHooks (webpack-internal:///(app-pages-browser)/./node_modules/.pnpm/next@14.2.35_react-dom@18.3.1_react@18.3.1__react@18.3.1/node_modules/next/dist/compiled/react-dom/cjs/react-dom.development.js:11121:18)
    at mountIndeterminateComponent (webpack-internal:///(app-pages-browser)/./node_modules/.pnpm/next@14.2.35_react-dom@18.3.1_react@18.3.1__react@18.3.1/node_modules/next/dist/compiled/react-dom/cjs/react-dom.development.js:16869:13)
    at beginWork$1 (webpack-internal:///(app-pages-browser)/./node_modules/.pnpm/next@14.2.35_react-dom@18.3.1_react@18.3.1__react@18.3.1/node_modules/next/dist/compiled/react-dom/cjs/react-dom.development.js:18458:16)
    at beginWork (webpack-internal:///(app-pages-browser)/./node_modules/.pnpm/next@14.2.35_react-dom@18.3.1_react@18.3.1__react@18.3.1/node_modules/next/dist/compiled/react-dom/cjs/react-dom.development.js:26927:14)
    at performUnitOfWork (webpack-internal:///(app-pages-browser)/./node_modules/.pnpm/next@14.2.35_react-dom@18.3.1_react@18.3.1__react@18.3.1/node_modules/next/dist/compiled/react-dom/cjs/react-dom.development.js:25748:12)
    at workLoopSync (webpack-internal:///(app-pages-browser)/./node_modules/.pnpm/next@14.2.35_react-dom@18.3.1_react@18.3.1__react@18.3.1/node_modules/next/dist/compiled/react-dom/cjs/react-dom.development.js:25464:5)
    at renderRootSync (webpack-internal:///(app-pages-browser)/./node_modules/.pnpm/next@14.2.35_react-dom@18.3.1_react@18.3.1__react@18.3.1/node_modules/next/dist/compiled/react-dom/cjs/react-dom.development.js:25419:7)
    at performSyncWorkOnRoot (webpack-internal:///(app-pages-browser)/./node_modules/.pnpm/next@14.2.35_react-dom@18.3.1_react@18.3.1__react@18.3.1/node_modules/next/dist/compiled/react-dom/cjs/react-dom.development.js:24887:20)
    at flushSyncWorkAcrossRoots_impl (webpack-internal:///(app-pages-browser)/./node_modules/.pnpm/next@14.2.35_react-dom@18.3.1_react@18.3.1__react@18.3.1/node_modules/next/dist/compiled/react-dom/cjs/react-dom.development.js:7758:13)
    at flushSyncWorkOnAllRoots (webpack-internal:///(app-pages-browser)/./node_modules/.pnpm/next@14.2.35_react-dom@18.3.1_react@18.3.1__react@18.3.1/node_modules/next/dist/compiled/react-dom/cjs/react-dom.development.js:7718:3)
    at flushSync$1 (webpack-internal:///(app-pages-browser)/./node_modules/.pnpm/next@14.2.35_react-dom@18.3.1_react@18.3.1__react@18.3.1/node_modules/next/dist/compiled/react-dom/cjs/react-dom.development.js:24999:7)
    at Object.scheduleRefresh (webpack-internal:///(app-pages-browser)/./node_modules/.pnpm/next@14.2.35_react-dom@18.3.1_react@18.3.1__react@18.3.1/node_modules/next/dist/compiled/react-dom/cjs/react-dom.development.js:27285:5)
    at eval (webpack-internal:///(app-pages-browser)/./node_modules/.pnpm/next@14.2.35_react-dom@18.3.1_react@18.3.1__react@18.3.1/node_modules/next/dist/compiled/react-refresh/cjs/react-refresh-runtime.development.js:265:17)
    at Set.forEach (<anonymous>)
    at Object.performReactRefresh (webpack-internal:///(app-pages-browser)/./node_modules/.pnpm/next@14.2.35_react-dom@18.3.1_react@18.3.1__react@18.3.1/node_modules/next/dist/compiled/react-refresh/cjs/react-refresh-runtime.development.js:254:26)
    at applyUpdate (webpack-internal:///(app-pages-browser)/./node_modules/.pnpm/next@14.2.35_react-dom@18.3.1_react@18.3.1__react@18.3.1/node_modules/next/dist/compiled/@next/react-refresh-utils/dist/internal/helpers.js:139:31)
    at statusHandler (webpack-internal:///(app-pages-browser)/./node_modules/.pnpm/next@14.2.35_react-dom@18.3.1_react@18.3.1__react@18.3.1/node_modules/next/dist/compiled/@next/react-refresh-utils/dist/internal/helpers.js:156:13)
    at setStatus (http://localhost:3000/_next/static/chunks/webpack.js?v=1788967433687:508:55)
    at http://localhost:3000/_next/static/chunks/webpack.js?v=1788967433687:678:21
[ 1061705ms] ReferenceError: HiOutlineClipboardDocumentList is not defined
    at eval (webpack-internal:///(app-pages-browser)/./src/app/(private)/home/_components/ChamadosTable.tsx:331:123)
    at Array.map (<anonymous>)
    at ChamadosTable (webpack-internal:///(app-pages-browser)/./src/app/(private)/home/_components/ChamadosTable.tsx:175:52)
    at renderWithHooks (webpack-internal:///(app-pages-browser)/./node_modules/.pnpm/next@14.2.35_react-dom@18.3.1_react@18.3.1__react@18.3.1/node_modules/next/dist/compiled/react-dom/cjs/react-dom.development.js:11121:18)
    at mountIndeterminateComponent (webpack-internal:///(app-pages-browser)/./node_modules/.pnpm/next@14.2.35_react-dom@18.3.1_react@18.3.1__react@18.3.1/node_modules/next/dist/compiled/react-dom/cjs/react-dom.development.js:16869:13)
    at beginWork$1 (webpack-internal:///(app-pages-browser)/./node_modules/.pnpm/next@14.2.35_react-dom@18.3.1_react@18.3.1__react@18.3.1/node_modules/next/dist/compiled/react-dom/cjs/react-dom.development.js:18458:16)
    at beginWork (webpack-internal:///(app-pages-browser)/./node_modules/.pnpm/next@14.2.35_react-dom@18.3.1_react@18.3.1__react@18.3.1/node_modules/next/dist/compiled/react-dom/cjs/react-dom.development.js:26927:14)
    at performUnitOfWork (webpack-internal:///(app-pages-browser)/./node_modules/.pnpm/next@14.2.35_react-dom@18.3.1_react@18.3.1__react@18.3.1/node_modules/next/dist/compiled/react-dom/cjs/react-dom.development.js:25748:12)
    at workLoopSync (webpack-internal:///(app-pages-browser)/./node_modules/.pnpm/next@14.2.35_react-dom@18.3.1_react@18.3.1__react@18.3.1/node_modules/next/dist/compiled/react-dom/cjs/react-dom.development.js:25464:5)
    at renderRootSync (webpack-internal:///(app-pages-browser)/./node_modules/.pnpm/next@14.2.35_react-dom@18.3.1_react@18.3.1__react@18.3.1/node_modules/next/dist/compiled/react-dom/cjs/react-dom.development.js:25419:7)
    at performSyncWorkOnRoot (webpack-internal:///(app-pages-browser)/./node_modules/.pnpm/next@14.2.35_react-dom@18.3.1_react@18.3.1__react@18.3.1/node_modules/next/dist/compiled/react-dom/cjs/react-dom.development.js:24887:20)
    at flushSyncWorkAcrossRoots_impl (webpack-internal:///(app-pages-browser)/./node_modules/.pnpm/next@14.2.35_react-dom@18.3.1_react@18.3.1__react@18.3.1/node_modules/next/dist/compiled/react-dom/cjs/react-dom.development.js:7758:13)
    at flushSyncWorkOnAllRoots (webpack-internal:///(app-pages-browser)/./node_modules/.pnpm/next@14.2.35_react-dom@18.3.1_react@18.3.1__react@18.3.1/node_modules/next/dist/compiled/react-dom/cjs/react-dom.development.js:7718:3)
    at flushSync$1 (webpack-internal:///(app-pages-browser)/./node_modules/.pnpm/next@14.2.35_react-dom@18.3.1_react@18.3.1__react@18.3.1/node_modules/next/dist/compiled/react-dom/cjs/react-dom.development.js:24999:7)
    at Object.scheduleRefresh (webpack-internal:///(app-pages-browser)/./node_modules/.pnpm/next@14.2.35_react-dom@18.3.1_react@18.3.1__react@18.3.1/node_modules/next/dist/compiled/react-dom/cjs/react-dom.development.js:27285:5)
    at eval (webpack-internal:///(app-pages-browser)/./node_modules/.pnpm/next@14.2.35_react-dom@18.3.1_react@18.3.1__react@18.3.1/node_modules/next/dist/compiled/react-refresh/cjs/react-refresh-runtime.development.js:265:17)
    at Set.forEach (<anonymous>)
    at Object.performReactRefresh (webpack-internal:///(app-pages-browser)/./node_modules/.pnpm/next@14.2.35_react-dom@18.3.1_react@18.3.1__react@18.3.1/node_modules/next/dist/compiled/react-refresh/cjs/react-refresh-runtime.development.js:254:26)
    at applyUpdate (webpack-internal:///(app-pages-browser)/./node_modules/.pnpm/next@14.2.35_react-dom@18.3.1_react@18.3.1__react@18.3.1/node_modules/next/dist/compiled/@next/react-refresh-utils/dist/internal/helpers.js:139:31)
    at statusHandler (webpack-internal:///(app-pages-browser)/./node_modules/.pnpm/next@14.2.35_react-dom@18.3.1_react@18.3.1__react@18.3.1/node_modules/next/dist/compiled/@next/react-refresh-utils/dist/internal/helpers.js:156:13)
    at setStatus (http://localhost:3000/_next/static/chunks/webpack.js?v=1788967433687:508:55)
    at http://localhost:3000/_next/static/chunks/webpack.js?v=1788967433687:678:21
[ 1061705ms] ReferenceError: HiOutlineClipboardDocumentList is not defined
    at eval (webpack-internal:///(app-pages-browser)/./src/app/(private)/home/_components/ChamadosTable.tsx:331:123)
    at Array.map (<anonymous>)
    at ChamadosTable (webpack-internal:///(app-pages-browser)/./src/app/(private)/home/_components/ChamadosTable.tsx:175:52)
    at renderWithHooks (webpack-internal:///(app-pages-browser)/./node_modules/.pnpm/next@14.2.35_react-dom@18.3.1_react@18.3.1__react@18.3.1/node_modules/next/dist/compiled/react-dom/cjs/react-dom.development.js:11121:18)
    at mountIndeterminateComponent (webpack-internal:///(app-pages-browser)/./node_modules/.pnpm/next@14.2.35_react-dom@18.3.1_react@18.3.1__react@18.3.1/node_modules/next/dist/compiled/react-dom/cjs/react-dom.development.js:16869:13)
    at beginWork$1 (webpack-internal:///(app-pages-browser)/./node_modules/.pnpm/next@14.2.35_react-dom@18.3.1_react@18.3.1__react@18.3.1/node_modules/next/dist/compiled/react-dom/cjs/react-dom.development.js:18458:16)
    at beginWork (webpack-internal:///(app-pages-browser)/./node_modules/.pnpm/next@14.2.35_react-dom@18.3.1_react@18.3.1__react@18.3.1/node_modules/next/dist/compiled/react-dom/cjs/react-dom.development.js:26927:14)
    at performUnitOfWork (webpack-internal:///(app-pages-browser)/./node_modules/.pnpm/next@14.2.35_react-dom@18.3.1_react@18.3.1__react@18.3.1/node_modules/next/dist/compiled/react-dom/cjs/react-dom.development.js:25748:12)
    at workLoopSync (webpack-internal:///(app-pages-browser)/./node_modules/.pnpm/next@14.2.35_react-dom@18.3.1_react@18.3.1__react@18.3.1/node_modules/next/dist/compiled/react-dom/cjs/react-dom.development.js:25464:5)
    at renderRootSync (webpack-internal:///(app-pages-browser)/./node_modules/.pnpm/next@14.2.35_react-dom@18.3.1_react@18.3.1__react@18.3.1/node_modules/next/dist/compiled/react-dom/cjs/react-dom.development.js:25419:7)
    at performSyncWorkOnRoot (webpack-internal:///(app-pages-browser)/./node_modules/.pnpm/next@14.2.35_react-dom@18.3.1_react@18.3.1__react@18.3.1/node_modules/next/dist/compiled/react-dom/cjs/react-dom.development.js:24887:20)
    at flushSyncWorkAcrossRoots_impl (webpack-internal:///(app-pages-browser)/./node_modules/.pnpm/next@14.2.35_react-dom@18.3.1_react@18.3.1__react@18.3.1/node_modules/next/dist/compiled/react-dom/cjs/react-dom.development.js:7758:13)
    at flushSyncWorkOnAllRoots (webpack-internal:///(app-pages-browser)/./node_modules/.pnpm/next@14.2.35_react-dom@18.3.1_react@18.3.1__react@18.3.1/node_modules/next/dist/compiled/react-dom/cjs/react-dom.development.js:7718:3)
    at flushSync$1 (webpack-internal:///(app-pages-browser)/./node_modules/.pnpm/next@14.2.35_react-dom@18.3.1_react@18.3.1__react@18.3.1/node_modules/next/dist/compiled/react-dom/cjs/react-dom.development.js:24999:7)
    at Object.scheduleRefresh (webpack-internal:///(app-pages-browser)/./node_modules/.pnpm/next@14.2.35_react-dom@18.3.1_react@18.3.1__react@18.3.1/node_modules/next/dist/compiled/react-dom/cjs/react-dom.development.js:27285:5)
    at eval (webpack-internal:///(app-pages-browser)/./node_modules/.pnpm/next@14.2.35_react-dom@18.3.1_react@18.3.1__react@18.3.1/node_modules/next/dist/compiled/react-refresh/cjs/react-refresh-runtime.development.js:265:17)
    at Set.forEach (<anonymous>)
    at Object.performReactRefresh (webpack-internal:///(app-pages-browser)/./node_modules/.pnpm/next@14.2.35_react-dom@18.3.1_react@18.3.1__react@18.3.1/node_modules/next/dist/compiled/react-refresh/cjs/react-refresh-runtime.development.js:254:26)
    at applyUpdate (webpack-internal:///(app-pages-browser)/./node_modules/.pnpm/next@14.2.35_react-dom@18.3.1_react@18.3.1__react@18.3.1/node_modules/next/dist/compiled/@next/react-refresh-utils/dist/internal/helpers.js:139:31)
    at statusHandler (webpack-internal:///(app-pages-browser)/./node_modules/.pnpm/next@14.2.35_react-dom@18.3.1_react@18.3.1__react@18.3.1/node_modules/next/dist/compiled/@next/react-refresh-utils/dist/internal/helpers.js:156:13)
    at setStatus (http://localhost:3000/_next/static/chunks/webpack.js?v=1788967433687:508:55)
    at http://localhost:3000/_next/static/chunks/webpack.js?v=1788967433687:678:21
[ 1061706ms] ReferenceError: HiOutlineClipboardDocumentList is not defined
    at eval (webpack-internal:///(app-pages-browser)/./src/app/(private)/home/_components/ChamadosTable.tsx:331:123)
    at Array.map (<anonymous>)
    at ChamadosTable (webpack-internal:///(app-pages-browser)/./src/app/(private)/home/_components/ChamadosTable.tsx:175:52)
    at renderWithHooks (webpack-internal:///(app-pages-browser)/./node_modules/.pnpm/next@14.2.35_react-dom@18.3.1_react@18.3.1__react@18.3.1/node_modules/next/dist/compiled/react-dom/cjs/react-dom.development.js:11121:18)
    at mountIndeterminateComponent (webpack-internal:///(app-pages-browser)/./node_modules/.pnpm/next@14.2.35_react-dom@18.3.1_react@18.3.1__react@18.3.1/node_modules/next/dist/compiled/react-dom/cjs/react-dom.development.js:16869:13)
    at beginWork$1 (webpack-internal:///(app-pages-browser)/./node_modules/.pnpm/next@14.2.35_react-dom@18.3.1_react@18.3.1__react@18.3.1/node_modules/next/dist/compiled/react-dom/cjs/react-dom.development.js:18458:16)
    at beginWork (webpack-internal:///(app-pages-browser)/./node_modules/.pnpm/next@14.2.35_react-dom@18.3.1_react@18.3.1__react@18.3.1/node_modules/next/dist/compiled/react-dom/cjs/react-dom.development.js:26927:14)
    at performUnitOfWork (webpack-internal:///(app-pages-browser)/./node_modules/.pnpm/next@14.2.35_react-dom@18.3.1_react@18.3.1__react@18.3.1/node_modules/next/dist/compiled/react-dom/cjs/react-dom.development.js:25748:12)
    at workLoopSync (webpack-internal:///(app-pages-browser)/./node_modules/.pnpm/next@14.2.35_react-dom@18.3.1_react@18.3.1__react@18.3.1/node_modules/next/dist/compiled/react-dom/cjs/react-dom.development.js:25464:5)
    at renderRootSync (webpack-internal:///(app-pages-browser)/./node_modules/.pnpm/next@14.2.35_react-dom@18.3.1_react@18.3.1__react@18.3.1/node_modules/next/dist/compiled/react-dom/cjs/react-dom.development.js:25419:7)
    at performSyncWorkOnRoot (webpack-internal:///(app-pages-browser)/./node_modules/.pnpm/next@14.2.35_react-dom@18.3.1_react@18.3.1__react@18.3.1/node_modules/next/dist/compiled/react-dom/cjs/react-dom.development.js:24887:20)
    at flushSyncWorkAcrossRoots_impl (webpack-internal:///(app-pages-browser)/./node_modules/.pnpm/next@14.2.35_react-dom@18.3.1_react@18.3.1__react@18.3.1/node_modules/next/dist/compiled/react-dom/cjs/react-dom.development.js:7758:13)
    at flushSyncWorkOnAllRoots (webpack-internal:///(app-pages-browser)/./node_modules/.pnpm/next@14.2.35_react-dom@18.3.1_react@18.3.1__react@18.3.1/node_modules/next/dist/compiled/react-dom/cjs/react-dom.development.js:7718:3)
    at flushSync$1 (webpack-internal:///(app-pages-browser)/./node_modules/.pnpm/next@14.2.35_react-dom@18.3.1_react@18.3.1__react@18.3.1/node_modules/next/dist/compiled/react-dom/cjs/react-dom.development.js:24999:7)
    at Object.scheduleRefresh (webpack-internal:///(app-pages-browser)/./node_modules/.pnpm/next@14.2.35_react-dom@18.3.1_react@18.3.1__react@18.3.1/node_modules/next/dist/compiled/react-dom/cjs/react-dom.development.js:27285:5)
    at eval (webpack-internal:///(app-pages-browser)/./node_modules/.pnpm/next@14.2.35_react-dom@18.3.1_react@18.3.1__react@18.3.1/node_modules/next/dist/compiled/react-refresh/cjs/react-refresh-runtime.development.js:265:17)
    at Set.forEach (<anonymous>)
    at Object.performReactRefresh (webpack-internal:///(app-pages-browser)/./node_modules/.pnpm/next@14.2.35_react-dom@18.3.1_react@18.3.1__react@18.3.1/node_modules/next/dist/compiled/react-refresh/cjs/react-refresh-runtime.development.js:254:26)
    at applyUpdate (webpack-internal:///(app-pages-browser)/./node_modules/.pnpm/next@14.2.35_react-dom@18.3.1_react@18.3.1__react@18.3.1/node_modules/next/dist/compiled/@next/react-refresh-utils/dist/internal/helpers.js:139:31)
    at statusHandler (webpack-internal:///(app-pages-browser)/./node_modules/.pnpm/next@14.2.35_react-dom@18.3.1_react@18.3.1__react@18.3.1/node_modules/next/dist/compiled/@next/react-refresh-utils/dist/internal/helpers.js:156:13)
    at setStatus (http://localhost:3000/_next/static/chunks/webpack.js?v=1788967433687:508:55)
    at http://localhost:3000/_next/static/chunks/webpack.js?v=1788967433687:678:21
[ 1061706ms] ReferenceError: HiOutlineClipboardDocumentList is not defined
    at eval (webpack-internal:///(app-pages-browser)/./src/app/(private)/home/_components/ChamadosTable.tsx:331:123)
    at Array.map (<anonymous>)
    at ChamadosTable (webpack-internal:///(app-pages-browser)/./src/app/(private)/home/_components/ChamadosTable.tsx:175:52)
    at renderWithHooks (webpack-internal:///(app-pages-browser)/./node_modules/.pnpm/next@14.2.35_react-dom@18.3.1_react@18.3.1__react@18.3.1/node_modules/next/dist/compiled/react-dom/cjs/react-dom.development.js:11121:18)
    at mountIndeterminateComponent (webpack-internal:///(app-pages-browser)/./node_modules/.pnpm/next@14.2.35_react-dom@18.3.1_react@18.3.1__react@18.3.1/node_modules/next/dist/compiled/react-dom/cjs/react-dom.development.js:16869:13)
    at beginWork$1 (webpack-internal:///(app-pages-browser)/./node_modules/.pnpm/next@14.2.35_react-dom@18.3.1_react@18.3.1__react@18.3.1/node_modules/next/dist/compiled/react-dom/cjs/react-dom.development.js:18458:16)
    at beginWork (webpack-internal:///(app-pages-browser)/./node_modules/.pnpm/next@14.2.35_react-dom@18.3.1_react@18.3.1__react@18.3.1/node_modules/next/dist/compiled/react-dom/cjs/react-dom.development.js:26927:14)
    at performUnitOfWork (webpack-internal:///(app-pages-browser)/./node_modules/.pnpm/next@14.2.35_react-dom@18.3.1_react@18.3.1__react@18.3.1/node_modules/next/dist/compiled/react-dom/cjs/react-dom.development.js:25748:12)
    at workLoopSync (webpack-internal:///(app-pages-browser)/./node_modules/.pnpm/next@14.2.35_react-dom@18.3.1_react@18.3.1__react@18.3.1/node_modules/next/dist/compiled/react-dom/cjs/react-dom.development.js:25464:5)
    at renderRootSync (webpack-internal:///(app-pages-browser)/./node_modules/.pnpm/next@14.2.35_react-dom@18.3.1_react@18.3.1__react@18.3.1/node_modules/next/dist/compiled/react-dom/cjs/react-dom.development.js:25419:7)
    at performSyncWorkOnRoot (webpack-internal:///(app-pages-browser)/./node_modules/.pnpm/next@14.2.35_react-dom@18.3.1_react@18.3.1__react@18.3.1/node_modules/next/dist/compiled/react-dom/cjs/react-dom.development.js:24887:20)
    at flushSyncWorkAcrossRoots_impl (webpack-internal:///(app-pages-browser)/./node_modules/.pnpm/next@14.2.35_react-dom@18.3.1_react@18.3.1__react@18.3.1/node_modules/next/dist/compiled/react-dom/cjs/react-dom.development.js:7758:13)
    at flushSyncWorkOnAllRoots (webpack-internal:///(app-pages-browser)/./node_modules/.pnpm/next@14.2.35_react-dom@18.3.1_react@18.3.1__react@18.3.1/node_modules/next/dist/compiled/react-dom/cjs/react-dom.development.js:7718:3)
    at flushSync$1 (webpack-internal:///(app-pages-browser)/./node_modules/.pnpm/next@14.2.35_react-dom@18.3.1_react@18.3.1__react@18.3.1/node_modules/next/dist/compiled/react-dom/cjs/react-dom.development.js:24999:7)
    at Object.scheduleRefresh (webpack-internal:///(app-pages-browser)/./node_modules/.pnpm/next@14.2.35_react-dom@18.3.1_react@18.3.1__react@18.3.1/node_modules/next/dist/compiled/react-dom/cjs/react-dom.development.js:27285:5)
    at eval (webpack-internal:///(app-pages-browser)/./node_modules/.pnpm/next@14.2.35_react-dom@18.3.1_react@18.3.1__react@18.3.1/node_modules/next/dist/compiled/react-refresh/cjs/react-refresh-runtime.development.js:265:17)
    at Set.forEach (<anonymous>)
    at Object.performReactRefresh (webpack-internal:///(app-pages-browser)/./node_modules/.pnpm/next@14.2.35_react-dom@18.3.1_react@18.3.1__react@18.3.1/node_modules/next/dist/compiled/react-refresh/cjs/react-refresh-runtime.development.js:254:26)
    at applyUpdate (webpack-internal:///(app-pages-browser)/./node_modules/.pnpm/next@14.2.35_react-dom@18.3.1_react@18.3.1__react@18.3.1/node_modules/next/dist/compiled/@next/react-refresh-utils/dist/internal/helpers.js:139:31)
    at statusHandler (webpack-internal:///(app-pages-browser)/./node_modules/.pnpm/next@14.2.35_react-dom@18.3.1_react@18.3.1__react@18.3.1/node_modules/next/dist/compiled/@next/react-refresh-utils/dist/internal/helpers.js:156:13)
    at setStatus (http://localhost:3000/_next/static/chunks/webpack.js?v=1788967433687:508:55)
    at http://localhost:3000/_next/static/chunks/webpack.js?v=1788967433687:678:21
[ 1061730ms] ReferenceError: HiOutlineClipboardDocumentList is not defined
    at eval (webpack-internal:///(app-pages-browser)/./src/app/(private)/home/_components/ChamadosTable.tsx:331:123)
    at Array.map (<anonymous>)
    at ChamadosTable (webpack-internal:///(app-pages-browser)/./src/app/(private)/home/_components/ChamadosTable.tsx:175:52)
    at renderWithHooks (webpack-internal:///(app-pages-browser)/./node_modules/.pnpm/next@14.2.35_react-dom@18.3.1_react@18.3.1__react@18.3.1/node_modules/next/dist/compiled/react-dom/cjs/react-dom.development.js:11121:18)
    at mountIndeterminateComponent (webpack-internal:///(app-pages-browser)/./node_modules/.pnpm/next@14.2.35_react-dom@18.3.1_react@18.3.1__react@18.3.1/node_modules/next/dist/compiled/react-dom/cjs/react-dom.development.js:16869:13)
    at beginWork$1 (webpack-internal:///(app-pages-browser)/./node_modules/.pnpm/next@14.2.35_react-dom@18.3.1_react@18.3.1__react@18.3.1/node_modules/next/dist/compiled/react-dom/cjs/react-dom.development.js:18458:16)
    at HTMLUnknownElement.callCallback (webpack-internal:///(app-pages-browser)/./node_modules/.pnpm/next@14.2.35_react-dom@18.3.1_react@18.3.1__react@18.3.1/node_modules/next/dist/compiled/react-dom/cjs/react-dom.development.js:20565:14)
    at Object.invokeGuardedCallbackImpl (webpack-internal:///(app-pages-browser)/./node_modules/.pnpm/next@14.2.35_react-dom@18.3.1_react@18.3.1__react@18.3.1/node_modules/next/dist/compiled/react-dom/cjs/react-dom.development.js:20614:16)
    at invokeGuardedCallback (webpack-internal:///(app-pages-browser)/./node_modules/.pnpm/next@14.2.35_react-dom@18.3.1_react@18.3.1__react@18.3.1/node_modules/next/dist/compiled/react-dom/cjs/react-dom.development.js:20689:29)
    at beginWork (webpack-internal:///(app-pages-browser)/./node_modules/.pnpm/next@14.2.35_react-dom@18.3.1_react@18.3.1__react@18.3.1/node_modules/next/dist/compiled/react-dom/cjs/react-dom.development.js:26949:7)
    at performUnitOfWork (webpack-internal:///(app-pages-browser)/./node_modules/.pnpm/next@14.2.35_react-dom@18.3.1_react@18.3.1__react@18.3.1/node_modules/next/dist/compiled/react-dom/cjs/react-dom.development.js:25748:12)
    at workLoopSync (webpack-internal:///(app-pages-browser)/./node_modules/.pnpm/next@14.2.35_react-dom@18.3.1_react@18.3.1__react@18.3.1/node_modules/next/dist/compiled/react-dom/cjs/react-dom.development.js:25464:5)
    at renderRootSync (webpack-internal:///(app-pages-browser)/./node_modules/.pnpm/next@14.2.35_react-dom@18.3.1_react@18.3.1__react@18.3.1/node_modules/next/dist/compiled/react-dom/cjs/react-dom.development.js:25419:7)
    at recoverFromConcurrentError (webpack-internal:///(app-pages-browser)/./node_modules/.pnpm/next@14.2.35_react-dom@18.3.1_react@18.3.1__react@18.3.1/node_modules/next/dist/compiled/react-dom/cjs/react-dom.development.js:24597:20)
    at performSyncWorkOnRoot (webpack-internal:///(app-pages-browser)/./node_modules/.pnpm/next@14.2.35_react-dom@18.3.1_react@18.3.1__react@18.3.1/node_modules/next/dist/compiled/react-dom/cjs/react-dom.development.js:24899:20)
    at flushSyncWorkAcrossRoots_impl (webpack-internal:///(app-pages-browser)/./node_modules/.pnpm/next@14.2.35_react-dom@18.3.1_react@18.3.1__react@18.3.1/node_modules/next/dist/compiled/react-dom/cjs/react-dom.development.js:7758:13)
    at flushSyncWorkOnAllRoots (webpack-internal:///(app-pages-browser)/./node_modules/.pnpm/next@14.2.35_react-dom@18.3.1_react@18.3.1__react@18.3.1/node_modules/next/dist/compiled/react-dom/cjs/react-dom.development.js:7718:3)
    at flushSync$1 (webpack-internal:///(app-pages-browser)/./node_modules/.pnpm/next@14.2.35_react-dom@18.3.1_react@18.3.1__react@18.3.1/node_modules/next/dist/compiled/react-dom/cjs/react-dom.development.js:24999:7)
    at Object.scheduleRefresh (webpack-internal:///(app-pages-browser)/./node_modules/.pnpm/next@14.2.35_react-dom@18.3.1_react@18.3.1__react@18.3.1/node_modules/next/dist/compiled/react-dom/cjs/react-dom.development.js:27285:5)
    at eval (webpack-internal:///(app-pages-browser)/./node_modules/.pnpm/next@14.2.35_react-dom@18.3.1_react@18.3.1__react@18.3.1/node_modules/next/dist/compiled/react-refresh/cjs/react-refresh-runtime.development.js:265:17)
    at Set.forEach (<anonymous>)
    at Object.performReactRefresh (webpack-internal:///(app-pages-browser)/./node_modules/.pnpm/next@14.2.35_react-dom@18.3.1_react@18.3.1__react@18.3.1/node_modules/next/dist/compiled/react-refresh/cjs/react-refresh-runtime.development.js:254:26)
    at applyUpdate (webpack-internal:///(app-pages-browser)/./node_modules/.pnpm/next@14.2.35_react-dom@18.3.1_react@18.3.1__react@18.3.1/node_modules/next/dist/compiled/@next/react-refresh-utils/dist/internal/helpers.js:139:31)
    at statusHandler (webpack-internal:///(app-pages-browser)/./node_modules/.pnpm/next@14.2.35_react-dom@18.3.1_react@18.3.1__react@18.3.1/node_modules/next/dist/compiled/@next/react-refresh-utils/dist/internal/helpers.js:156:13)
    at setStatus (http://localhost:3000/_next/static/chunks/webpack.js?v=1788967433687:508:55)
    at http://localhost:3000/_next/static/chunks/webpack.js?v=1788967433687:678:21
[ 1061730ms] ReferenceError: HiOutlineClipboardDocumentList is not defined
    at eval (webpack-internal:///(app-pages-browser)/./src/app/(private)/home/_components/ChamadosTable.tsx:331:123)
    at Array.map (<anonymous>)
    at ChamadosTable (webpack-internal:///(app-pages-browser)/./src/app/(private)/home/_components/ChamadosTable.tsx:175:52)
    at renderWithHooks (webpack-internal:///(app-pages-browser)/./node_modules/.pnpm/next@14.2.35_react-dom@18.3.1_react@18.3.1__react@18.3.1/node_modules/next/dist/compiled/react-dom/cjs/react-dom.development.js:11121:18)
    at mountIndeterminateComponent (webpack-internal:///(app-pages-browser)/./node_modules/.pnpm/next@14.2.35_react-dom@18.3.1_react@18.3.1__react@18.3.1/node_modules/next/dist/compiled/react-dom/cjs/react-dom.development.js:16869:13)
    at beginWork$1 (webpack-internal:///(app-pages-browser)/./node_modules/.pnpm/next@14.2.35_react-dom@18.3.1_react@18.3.1__react@18.3.1/node_modules/next/dist/compiled/react-dom/cjs/react-dom.development.js:18458:16)
    at beginWork (webpack-internal:///(app-pages-browser)/./node_modules/.pnpm/next@14.2.35_react-dom@18.3.1_react@18.3.1__react@18.3.1/node_modules/next/dist/compiled/react-dom/cjs/react-dom.development.js:26927:14)
    at performUnitOfWork (webpack-internal:///(app-pages-browser)/./node_modules/.pnpm/next@14.2.35_react-dom@18.3.1_react@18.3.1__react@18.3.1/node_modules/next/dist/compiled/react-dom/cjs/react-dom.development.js:25748:12)
    at workLoopSync (webpack-internal:///(app-pages-browser)/./node_modules/.pnpm/next@14.2.35_react-dom@18.3.1_react@18.3.1__react@18.3.1/node_modules/next/dist/compiled/react-dom/cjs/react-dom.development.js:25464:5)
    at renderRootSync (webpack-internal:///(app-pages-browser)/./node_modules/.pnpm/next@14.2.35_react-dom@18.3.1_react@18.3.1__react@18.3.1/node_modules/next/dist/compiled/react-dom/cjs/react-dom.development.js:25419:7)
    at recoverFromConcurrentError (webpack-internal:///(app-pages-browser)/./node_modules/.pnpm/next@14.2.35_react-dom@18.3.1_react@18.3.1__react@18.3.1/node_modules/next/dist/compiled/react-dom/cjs/react-dom.development.js:24597:20)
    at performSyncWorkOnRoot (webpack-internal:///(app-pages-browser)/./node_modules/.pnpm/next@14.2.35_react-dom@18.3.1_react@18.3.1__react@18.3.1/node_modules/next/dist/compiled/react-dom/cjs/react-dom.development.js:24899:20)
    at flushSyncWorkAcrossRoots_impl (webpack-internal:///(app-pages-browser)/./node_modules/.pnpm/next@14.2.35_react-dom@18.3.1_react@18.3.1__react@18.3.1/node_modules/next/dist/compiled/react-dom/cjs/react-dom.development.js:7758:13)
    at flushSyncWorkOnAllRoots (webpack-internal:///(app-pages-browser)/./node_modules/.pnpm/next@14.2.35_react-dom@18.3.1_react@18.3.1__react@18.3.1/node_modules/next/dist/compiled/react-dom/cjs/react-dom.development.js:7718:3)
    at flushSync$1 (webpack-internal:///(app-pages-browser)/./node_modules/.pnpm/next@14.2.35_react-dom@18.3.1_react@18.3.1__react@18.3.1/node_modules/next/dist/compiled/react-dom/cjs/react-dom.development.js:24999:7)
    at Object.scheduleRefresh (webpack-internal:///(app-pages-browser)/./node_modules/.pnpm/next@14.2.35_react-dom@18.3.1_react@18.3.1__react@18.3.1/node_modules/next/dist/compiled/react-dom/cjs/react-dom.development.js:27285:5)
    at eval (webpack-internal:///(app-pages-browser)/./node_modules/.pnpm/next@14.2.35_react-dom@18.3.1_react@18.3.1__react@18.3.1/node_modules/next/dist/compiled/react-refresh/cjs/react-refresh-runtime.development.js:265:17)
    at Set.forEach (<anonymous>)
    at Object.performReactRefresh (webpack-internal:///(app-pages-browser)/./node_modules/.pnpm/next@14.2.35_react-dom@18.3.1_react@18.3.1__react@18.3.1/node_modules/next/dist/compiled/react-refresh/cjs/react-refresh-runtime.development.js:254:26)
    at applyUpdate (webpack-internal:///(app-pages-browser)/./node_modules/.pnpm/next@14.2.35_react-dom@18.3.1_react@18.3.1__react@18.3.1/node_modules/next/dist/compiled/@next/react-refresh-utils/dist/internal/helpers.js:139:31)
    at statusHandler (webpack-internal:///(app-pages-browser)/./node_modules/.pnpm/next@14.2.35_react-dom@18.3.1_react@18.3.1__react@18.3.1/node_modules/next/dist/compiled/@next/react-refresh-utils/dist/internal/helpers.js:156:13)
    at setStatus (http://localhost:3000/_next/static/chunks/webpack.js?v=1788967433687:508:55)
    at http://localhost:3000/_next/static/chunks/webpack.js?v=1788967433687:678:21
[ 1061730ms] ReferenceError: HiOutlineClipboardDocumentList is not defined
    at eval (webpack-internal:///(app-pages-browser)/./src/app/(private)/home/_components/ChamadosTable.tsx:331:123)
    at Array.map (<anonymous>)
    at ChamadosTable (webpack-internal:///(app-pages-browser)/./src/app/(private)/home/_components/ChamadosTable.tsx:175:52)
    at renderWithHooks (webpack-internal:///(app-pages-browser)/./node_modules/.pnpm/next@14.2.35_react-dom@18.3.1_react@18.3.1__react@18.3.1/node_modules/next/dist/compiled/react-dom/cjs/react-dom.development.js:11121:18)
    at mountIndeterminateComponent (webpack-internal:///(app-pages-browser)/./node_modules/.pnpm/next@14.2.35_react-dom@18.3.1_react@18.3.1__react@18.3.1/node_modules/next/dist/compiled/react-dom/cjs/react-dom.development.js:16869:13)
    at beginWork$1 (webpack-internal:///(app-pages-browser)/./node_modules/.pnpm/next@14.2.35_react-dom@18.3.1_react@18.3.1__react@18.3.1/node_modules/next/dist/compiled/react-dom/cjs/react-dom.development.js:18458:16)
    at beginWork (webpack-internal:///(app-pages-browser)/./node_modules/.pnpm/next@14.2.35_react-dom@18.3.1_react@18.3.1__react@18.3.1/node_modules/next/dist/compiled/react-dom/cjs/react-dom.development.js:26927:14)
    at performUnitOfWork (webpack-internal:///(app-pages-browser)/./node_modules/.pnpm/next@14.2.35_react-dom@18.3.1_react@18.3.1__react@18.3.1/node_modules/next/dist/compiled/react-dom/cjs/react-dom.development.js:25748:12)
    at workLoopSync (webpack-internal:///(app-pages-browser)/./node_modules/.pnpm/next@14.2.35_react-dom@18.3.1_react@18.3.1__react@18.3.1/node_modules/next/dist/compiled/react-dom/cjs/react-dom.development.js:25464:5)
    at renderRootSync (webpack-internal:///(app-pages-browser)/./node_modules/.pnpm/next@14.2.35_react-dom@18.3.1_react@18.3.1__react@18.3.1/node_modules/next/dist/compiled/react-dom/cjs/react-dom.development.js:25419:7)
    at recoverFromConcurrentError (webpack-internal:///(app-pages-browser)/./node_modules/.pnpm/next@14.2.35_react-dom@18.3.1_react@18.3.1__react@18.3.1/node_modules/next/dist/compiled/react-dom/cjs/react-dom.development.js:24597:20)
    at performSyncWorkOnRoot (webpack-internal:///(app-pages-browser)/./node_modules/.pnpm/next@14.2.35_react-dom@18.3.1_react@18.3.1__react@18.3.1/node_modules/next/dist/compiled/react-dom/cjs/react-dom.development.js:24899:20)
    at flushSyncWorkAcrossRoots_impl (webpack-internal:///(app-pages-browser)/./node_modules/.pnpm/next@14.2.35_react-dom@18.3.1_react@18.3.1__react@18.3.1/node_modules/next/dist/compiled/react-dom/cjs/react-dom.development.js:7758:13)
    at flushSyncWorkOnAllRoots (webpack-internal:///(app-pages-browser)/./node_modules/.pnpm/next@14.2.35_react-dom@18.3.1_react@18.3.1__react@18.3.1/node_modules/next/dist/compiled/react-dom/cjs/react-dom.development.js:7718:3)
    at flushSync$1 (webpack-internal:///(app-pages-browser)/./node_modules/.pnpm/next@14.2.35_react-dom@18.3.1_react@18.3.1__react@18.3.1/node_modules/next/dist/compiled/react-dom/cjs/react-dom.development.js:24999:7)
    at Object.scheduleRefresh (webpack-internal:///(app-pages-browser)/./node_modules/.pnpm/next@14.2.35_react-dom@18.3.1_react@18.3.1__react@18.3.1/node_modules/next/dist/compiled/react-dom/cjs/react-dom.development.js:27285:5)
    at eval (webpack-internal:///(app-pages-browser)/./node_modules/.pnpm/next@14.2.35_react-dom@18.3.1_react@18.3.1__react@18.3.1/node_modules/next/dist/compiled/react-refresh/cjs/react-refresh-runtime.development.js:265:17)
    at Set.forEach (<anonymous>)
    at Object.performReactRefresh (webpack-internal:///(app-pages-browser)/./node_modules/.pnpm/next@14.2.35_react-dom@18.3.1_react@18.3.1__react@18.3.1/node_modules/next/dist/compiled/react-refresh/cjs/react-refresh-runtime.development.js:254:26)
    at applyUpdate (webpack-internal:///(app-pages-browser)/./node_modules/.pnpm/next@14.2.35_react-dom@18.3.1_react@18.3.1__react@18.3.1/node_modules/next/dist/compiled/@next/react-refresh-utils/dist/internal/helpers.js:139:31)
    at statusHandler (webpack-internal:///(app-pages-browser)/./node_modules/.pnpm/next@14.2.35_react-dom@18.3.1_react@18.3.1__react@18.3.1/node_modules/next/dist/compiled/@next/react-refresh-utils/dist/internal/helpers.js:156:13)
    at setStatus (http://localhost:3000/_next/static/chunks/webpack.js?v=1788967433687:508:55)
    at http://localhost:3000/_next/static/chunks/webpack.js?v=1788967433687:678:21
[ 1061733ms] ReferenceError: HiOutlineClipboardDocumentList is not defined
    at eval (webpack-internal:///(app-pages-browser)/./src/app/(private)/home/_components/ChamadosTable.tsx:331:123)
    at Array.map (<anonymous>)
    at ChamadosTable (webpack-internal:///(app-pages-browser)/./src/app/(private)/home/_components/ChamadosTable.tsx:175:52)
    at renderWithHooks (webpack-internal:///(app-pages-browser)/./node_modules/.pnpm/next@14.2.35_react-dom@18.3.1_react@18.3.1__react@18.3.1/node_modules/next/dist/compiled/react-dom/cjs/react-dom.development.js:11121:18)
    at mountIndeterminateComponent (webpack-internal:///(app-pages-browser)/./node_modules/.pnpm/next@14.2.35_react-dom@18.3.1_react@18.3.1__react@18.3.1/node_modules/next/dist/compiled/react-dom/cjs/react-dom.development.js:16869:13)
    at beginWork$1 (webpack-internal:///(app-pages-browser)/./node_modules/.pnpm/next@14.2.35_react-dom@18.3.1_react@18.3.1__react@18.3.1/node_modules/next/dist/compiled/react-dom/cjs/react-dom.development.js:18458:16)
    at beginWork (webpack-internal:///(app-pages-browser)/./node_modules/.pnpm/next@14.2.35_react-dom@18.3.1_react@18.3.1__react@18.3.1/node_modules/next/dist/compiled/react-dom/cjs/react-dom.development.js:26927:14)
    at performUnitOfWork (webpack-internal:///(app-pages-browser)/./node_modules/.pnpm/next@14.2.35_react-dom@18.3.1_react@18.3.1__react@18.3.1/node_modules/next/dist/compiled/react-dom/cjs/react-dom.development.js:25748:12)
    at workLoopSync (webpack-internal:///(app-pages-browser)/./node_modules/.pnpm/next@14.2.35_react-dom@18.3.1_react@18.3.1__react@18.3.1/node_modules/next/dist/compiled/react-dom/cjs/react-dom.development.js:25464:5)
    at renderRootSync (webpack-internal:///(app-pages-browser)/./node_modules/.pnpm/next@14.2.35_react-dom@18.3.1_react@18.3.1__react@18.3.1/node_modules/next/dist/compiled/react-dom/cjs/react-dom.development.js:25419:7)
    at recoverFromConcurrentError (webpack-internal:///(app-pages-browser)/./node_modules/.pnpm/next@14.2.35_react-dom@18.3.1_react@18.3.1__react@18.3.1/node_modules/next/dist/compiled/react-dom/cjs/react-dom.development.js:24597:20)
    at performSyncWorkOnRoot (webpack-internal:///(app-pages-browser)/./node_modules/.pnpm/next@14.2.35_react-dom@18.3.1_react@18.3.1__react@18.3.1/node_modules/next/dist/compiled/react-dom/cjs/react-dom.development.js:24899:20)
    at flushSyncWorkAcrossRoots_impl (webpack-internal:///(app-pages-browser)/./node_modules/.pnpm/next@14.2.35_react-dom@18.3.1_react@18.3.1__react@18.3.1/node_modules/next/dist/compiled/react-dom/cjs/react-dom.development.js:7758:13)
    at flushSyncWorkOnAllRoots (webpack-internal:///(app-pages-browser)/./node_modules/.pnpm/next@14.2.35_react-dom@18.3.1_react@18.3.1__react@18.3.1/node_modules/next/dist/compiled/react-dom/cjs/react-dom.development.js:7718:3)
    at flushSync$1 (webpack-internal:///(app-pages-browser)/./node_modules/.pnpm/next@14.2.35_react-dom@18.3.1_react@18.3.1__react@18.3.1/node_modules/next/dist/compiled/react-dom/cjs/react-dom.development.js:24999:7)
    at Object.scheduleRefresh (webpack-internal:///(app-pages-browser)/./node_modules/.pnpm/next@14.2.35_react-dom@18.3.1_react@18.3.1__react@18.3.1/node_modules/next/dist/compiled/react-dom/cjs/react-dom.development.js:27285:5)
    at eval (webpack-internal:///(app-pages-browser)/./node_modules/.pnpm/next@14.2.35_react-dom@18.3.1_react@18.3.1__react@18.3.1/node_modules/next/dist/compiled/react-refresh/cjs/react-refresh-runtime.development.js:265:17)
    at Set.forEach (<anonymous>)
    at Object.performReactRefresh (webpack-internal:///(app-pages-browser)/./node_modules/.pnpm/next@14.2.35_react-dom@18.3.1_react@18.3.1__react@18.3.1/node_modules/next/dist/compiled/react-refresh/cjs/react-refresh-runtime.development.js:254:26)
    at applyUpdate (webpack-internal:///(app-pages-browser)/./node_modules/.pnpm/next@14.2.35_react-dom@18.3.1_react@18.3.1__react@18.3.1/node_modules/next/dist/compiled/@next/react-refresh-utils/dist/internal/helpers.js:139:31)
    at statusHandler (webpack-internal:///(app-pages-browser)/./node_modules/.pnpm/next@14.2.35_react-dom@18.3.1_react@18.3.1__react@18.3.1/node_modules/next/dist/compiled/@next/react-refresh-utils/dist/internal/helpers.js:156:13)
    at setStatus (http://localhost:3000/_next/static/chunks/webpack.js?v=1788967433687:508:55)
    at http://localhost:3000/_next/static/chunks/webpack.js?v=1788967433687:678:21
[ 1061733ms] ReferenceError: HiOutlineClipboardDocumentList is not defined
    at eval (webpack-internal:///(app-pages-browser)/./src/app/(private)/home/_components/ChamadosTable.tsx:331:123)
    at Array.map (<anonymous>)
    at ChamadosTable (webpack-internal:///(app-pages-browser)/./src/app/(private)/home/_components/ChamadosTable.tsx:175:52)
    at renderWithHooks (webpack-internal:///(app-pages-browser)/./node_modules/.pnpm/next@14.2.35_react-dom@18.3.1_react@18.3.1__react@18.3.1/node_modules/next/dist/compiled/react-dom/cjs/react-dom.development.js:11121:18)
    at mountIndeterminateComponent (webpack-internal:///(app-pages-browser)/./node_modules/.pnpm/next@14.2.35_react-dom@18.3.1_react@18.3.1__react@18.3.1/node_modules/next/dist/compiled/react-dom/cjs/react-dom.development.js:16869:13)
    at beginWork$1 (webpack-internal:///(app-pages-browser)/./node_modules/.pnpm/next@14.2.35_react-dom@18.3.1_react@18.3.1__react@18.3.1/node_modules/next/dist/compiled/react-dom/cjs/react-dom.development.js:18458:16)
    at beginWork (webpack-internal:///(app-pages-browser)/./node_modules/.pnpm/next@14.2.35_react-dom@18.3.1_react@18.3.1__react@18.3.1/node_modules/next/dist/compiled/react-dom/cjs/react-dom.development.js:26927:14)
    at performUnitOfWork (webpack-internal:///(app-pages-browser)/./node_modules/.pnpm/next@14.2.35_react-dom@18.3.1_react@18.3.1__react@18.3.1/node_modules/next/dist/compiled/react-dom/cjs/react-dom.development.js:25748:12)
    at workLoopSync (webpack-internal:///(app-pages-browser)/./node_modules/.pnpm/next@14.2.35_react-dom@18.3.1_react@18.3.1__react@18.3.1/node_modules/next/dist/compiled/react-dom/cjs/react-dom.development.js:25464:5)
    at renderRootSync (webpack-internal:///(app-pages-browser)/./node_modules/.pnpm/next@14.2.35_react-dom@18.3.1_react@18.3.1__react@18.3.1/node_modules/next/dist/compiled/react-dom/cjs/react-dom.development.js:25419:7)
    at recoverFromConcurrentError (webpack-internal:///(app-pages-browser)/./node_modules/.pnpm/next@14.2.35_react-dom@18.3.1_react@18.3.1__react@18.3.1/node_modules/next/dist/compiled/react-dom/cjs/react-dom.development.js:24597:20)
    at performSyncWorkOnRoot (webpack-internal:///(app-pages-browser)/./node_modules/.pnpm/next@14.2.35_react-dom@18.3.1_react@18.3.1__react@18.3.1/node_modules/next/dist/compiled/react-dom/cjs/react-dom.development.js:24899:20)
    at flushSyncWorkAcrossRoots_impl (webpack-internal:///(app-pages-browser)/./node_modules/.pnpm/next@14.2.35_react-dom@18.3.1_react@18.3.1__react@18.3.1/node_modules/next/dist/compiled/react-dom/cjs/react-dom.development.js:7758:13)
    at flushSyncWorkOnAllRoots (webpack-internal:///(app-pages-browser)/./node_modules/.pnpm/next@14.2.35_react-dom@18.3.1_react@18.3.1__react@18.3.1/node_modules/next/dist/compiled/react-dom/cjs/react-dom.development.js:7718:3)
    at flushSync$1 (webpack-internal:///(app-pages-browser)/./node_modules/.pnpm/next@14.2.35_react-dom@18.3.1_react@18.3.1__react@18.3.1/node_modules/next/dist/compiled/react-dom/cjs/react-dom.development.js:24999:7)
    at Object.scheduleRefresh (webpack-internal:///(app-pages-browser)/./node_modules/.pnpm/next@14.2.35_react-dom@18.3.1_react@18.3.1__react@18.3.1/node_modules/next/dist/compiled/react-dom/cjs/react-dom.development.js:27285:5)
    at eval (webpack-internal:///(app-pages-browser)/./node_modules/.pnpm/next@14.2.35_react-dom@18.3.1_react@18.3.1__react@18.3.1/node_modules/next/dist/compiled/react-refresh/cjs/react-refresh-runtime.development.js:265:17)
    at Set.forEach (<anonymous>)
    at Object.performReactRefresh (webpack-internal:///(app-pages-browser)/./node_modules/.pnpm/next@14.2.35_react-dom@18.3.1_react@18.3.1__react@18.3.1/node_modules/next/dist/compiled/react-refresh/cjs/react-refresh-runtime.development.js:254:26)
    at applyUpdate (webpack-internal:///(app-pages-browser)/./node_modules/.pnpm/next@14.2.35_react-dom@18.3.1_react@18.3.1__react@18.3.1/node_modules/next/dist/compiled/@next/react-refresh-utils/dist/internal/helpers.js:139:31)
    at statusHandler (webpack-internal:///(app-pages-browser)/./node_modules/.pnpm/next@14.2.35_react-dom@18.3.1_react@18.3.1__react@18.3.1/node_modules/next/dist/compiled/@next/react-refresh-utils/dist/internal/helpers.js:156:13)
    at setStatus (http://localhost:3000/_next/static/chunks/webpack.js?v=1788967433687:508:55)
    at http://localhost:3000/_next/static/chunks/webpack.js?v=1788967433687:678:21
[ 1061733ms] ReferenceError: HiOutlineClipboardDocumentList is not defined
    at eval (webpack-internal:///(app-pages-browser)/./src/app/(private)/home/_components/ChamadosTable.tsx:331:123)
    at Array.map (<anonymous>)
    at ChamadosTable (webpack-internal:///(app-pages-browser)/./src/app/(private)/home/_components/ChamadosTable.tsx:175:52)
    at renderWithHooks (webpack-internal:///(app-pages-browser)/./node_modules/.pnpm/next@14.2.35_react-dom@18.3.1_react@18.3.1__react@18.3.1/node_modules/next/dist/compiled/react-dom/cjs/react-dom.development.js:11121:18)
    at mountIndeterminateComponent (webpack-internal:///(app-pages-browser)/./node_modules/.pnpm/next@14.2.35_react-dom@18.3.1_react@18.3.1__react@18.3.1/node_modules/next/dist/compiled/react-dom/cjs/react-dom.development.js:16869:13)
    at beginWork$1 (webpack-internal:///(app-pages-browser)/./node_modules/.pnpm/next@14.2.35_react-dom@18.3.1_react@18.3.1__react@18.3.1/node_modules/next/dist/compiled/react-dom/cjs/react-dom.development.js:18458:16)
    at beginWork (webpack-internal:///(app-pages-browser)/./node_modules/.pnpm/next@14.2.35_react-dom@18.3.1_react@18.3.1__react@18.3.1/node_modules/next/dist/compiled/react-dom/cjs/react-dom.development.js:26927:14)
    at performUnitOfWork (webpack-internal:///(app-pages-browser)/./node_modules/.pnpm/next@14.2.35_react-dom@18.3.1_react@18.3.1__react@18.3.1/node_modules/next/dist/compiled/react-dom/cjs/react-dom.development.js:25748:12)
    at workLoopSync (webpack-internal:///(app-pages-browser)/./node_modules/.pnpm/next@14.2.35_react-dom@18.3.1_react@18.3.1__react@18.3.1/node_modules/next/dist/compiled/react-dom/cjs/react-dom.development.js:25464:5)
    at renderRootSync (webpack-internal:///(app-pages-browser)/./node_modules/.pnpm/next@14.2.35_react-dom@18.3.1_react@18.3.1__react@18.3.1/node_modules/next/dist/compiled/react-dom/cjs/react-dom.development.js:25419:7)
    at recoverFromConcurrentError (webpack-internal:///(app-pages-browser)/./node_modules/.pnpm/next@14.2.35_react-dom@18.3.1_react@18.3.1__react@18.3.1/node_modules/next/dist/compiled/react-dom/cjs/react-dom.development.js:24597:20)
    at performSyncWorkOnRoot (webpack-internal:///(app-pages-browser)/./node_modules/.pnpm/next@14.2.35_react-dom@18.3.1_react@18.3.1__react@18.3.1/node_modules/next/dist/compiled/react-dom/cjs/react-dom.development.js:24899:20)
    at flushSyncWorkAcrossRoots_impl (webpack-internal:///(app-pages-browser)/./node_modules/.pnpm/next@14.2.35_react-dom@18.3.1_react@18.3.1__react@18.3.1/node_modules/next/dist/compiled/react-dom/cjs/react-dom.development.js:7758:13)
    at flushSyncWorkOnAllRoots (webpack-internal:///(app-pages-browser)/./node_modules/.pnpm/next@14.2.35_react-dom@18.3.1_react@18.3.1__react@18.3.1/node_modules/next/dist/compiled/react-dom/cjs/react-dom.development.js:7718:3)
    at flushSync$1 (webpack-internal:///(app-pages-browser)/./node_modules/.pnpm/next@14.2.35_react-dom@18.3.1_react@18.3.1__react@18.3.1/node_modules/next/dist/compiled/react-dom/cjs/react-dom.development.js:24999:7)
    at Object.scheduleRefresh (webpack-internal:///(app-pages-browser)/./node_modules/.pnpm/next@14.2.35_react-dom@18.3.1_react@18.3.1__react@18.3.1/node_modules/next/dist/compiled/react-dom/cjs/react-dom.development.js:27285:5)
    at eval (webpack-internal:///(app-pages-browser)/./node_modules/.pnpm/next@14.2.35_react-dom@18.3.1_react@18.3.1__react@18.3.1/node_modules/next/dist/compiled/react-refresh/cjs/react-refresh-runtime.development.js:265:17)
    at Set.forEach (<anonymous>)
    at Object.performReactRefresh (webpack-internal:///(app-pages-browser)/./node_modules/.pnpm/next@14.2.35_react-dom@18.3.1_react@18.3.1__react@18.3.1/node_modules/next/dist/compiled/react-refresh/cjs/react-refresh-runtime.development.js:254:26)
    at applyUpdate (webpack-internal:///(app-pages-browser)/./node_modules/.pnpm/next@14.2.35_react-dom@18.3.1_react@18.3.1__react@18.3.1/node_modules/next/dist/compiled/@next/react-refresh-utils/dist/internal/helpers.js:139:31)
    at statusHandler (webpack-internal:///(app-pages-browser)/./node_modules/.pnpm/next@14.2.35_react-dom@18.3.1_react@18.3.1__react@18.3.1/node_modules/next/dist/compiled/@next/react-refresh-utils/dist/internal/helpers.js:156:13)
    at setStatus (http://localhost:3000/_next/static/chunks/webpack.js?v=1788967433687:508:55)
    at http://localhost:3000/_next/static/chunks/webpack.js?v=1788967433687:678:21
[ 1061733ms] ReferenceError: HiOutlineClipboardDocumentList is not defined
    at eval (webpack-internal:///(app-pages-browser)/./src/app/(private)/home/_components/ChamadosTable.tsx:331:123)
    at Array.map (<anonymous>)
    at ChamadosTable (webpack-internal:///(app-pages-browser)/./src/app/(private)/home/_components/ChamadosTable.tsx:175:52)
    at renderWithHooks (webpack-internal:///(app-pages-browser)/./node_modules/.pnpm/next@14.2.35_react-dom@18.3.1_react@18.3.1__react@18.3.1/node_modules/next/dist/compiled/react-dom/cjs/react-dom.development.js:11121:18)
    at mountIndeterminateComponent (webpack-internal:///(app-pages-browser)/./node_modules/.pnpm/next@14.2.35_react-dom@18.3.1_react@18.3.1__react@18.3.1/node_modules/next/dist/compiled/react-dom/cjs/react-dom.development.js:16869:13)
    at beginWork$1 (webpack-internal:///(app-pages-browser)/./node_modules/.pnpm/next@14.2.35_react-dom@18.3.1_react@18.3.1__react@18.3.1/node_modules/next/dist/compiled/react-dom/cjs/react-dom.development.js:18458:16)
    at beginWork (webpack-internal:///(app-pages-browser)/./node_modules/.pnpm/next@14.2.35_react-dom@18.3.1_react@18.3.1__react@18.3.1/node_modules/next/dist/compiled/react-dom/cjs/react-dom.development.js:26927:14)
    at performUnitOfWork (webpack-internal:///(app-pages-browser)/./node_modules/.pnpm/next@14.2.35_react-dom@18.3.1_react@18.3.1__react@18.3.1/node_modules/next/dist/compiled/react-dom/cjs/react-dom.development.js:25748:12)
    at workLoopSync (webpack-internal:///(app-pages-browser)/./node_modules/.pnpm/next@14.2.35_react-dom@18.3.1_react@18.3.1__react@18.3.1/node_modules/next/dist/compiled/react-dom/cjs/react-dom.development.js:25464:5)
    at renderRootSync (webpack-internal:///(app-pages-browser)/./node_modules/.pnpm/next@14.2.35_react-dom@18.3.1_react@18.3.1__react@18.3.1/node_modules/next/dist/compiled/react-dom/cjs/react-dom.development.js:25419:7)
    at recoverFromConcurrentError (webpack-internal:///(app-pages-browser)/./node_modules/.pnpm/next@14.2.35_react-dom@18.3.1_react@18.3.1__react@18.3.1/node_modules/next/dist/compiled/react-dom/cjs/react-dom.development.js:24597:20)
    at performSyncWorkOnRoot (webpack-internal:///(app-pages-browser)/./node_modules/.pnpm/next@14.2.35_react-dom@18.3.1_react@18.3.1__react@18.3.1/node_modules/next/dist/compiled/react-dom/cjs/react-dom.development.js:24899:20)
    at flushSyncWorkAcrossRoots_impl (webpack-internal:///(app-pages-browser)/./node_modules/.pnpm/next@14.2.35_react-dom@18.3.1_react@18.3.1__react@18.3.1/node_modules/next/dist/compiled/react-dom/cjs/react-dom.development.js:7758:13)
    at flushSyncWorkOnAllRoots (webpack-internal:///(app-pages-browser)/./node_modules/.pnpm/next@14.2.35_react-dom@18.3.1_react@18.3.1__react@18.3.1/node_modules/next/dist/compiled/react-dom/cjs/react-dom.development.js:7718:3)
    at flushSync$1 (webpack-internal:///(app-pages-browser)/./node_modules/.pnpm/next@14.2.35_react-dom@18.3.1_react@18.3.1__react@18.3.1/node_modules/next/dist/compiled/react-dom/cjs/react-dom.development.js:24999:7)
    at Object.scheduleRefresh (webpack-internal:///(app-pages-browser)/./node_modules/.pnpm/next@14.2.35_react-dom@18.3.1_react@18.3.1__react@18.3.1/node_modules/next/dist/compiled/react-dom/cjs/react-dom.development.js:27285:5)
    at eval (webpack-internal:///(app-pages-browser)/./node_modules/.pnpm/next@14.2.35_react-dom@18.3.1_react@18.3.1__react@18.3.1/node_modules/next/dist/compiled/react-refresh/cjs/react-refresh-runtime.development.js:265:17)
    at Set.forEach (<anonymous>)
    at Object.performReactRefresh (webpack-internal:///(app-pages-browser)/./node_modules/.pnpm/next@14.2.35_react-dom@18.3.1_react@18.3.1__react@18.3.1/node_modules/next/dist/compiled/react-refresh/cjs/react-refresh-runtime.development.js:254:26)
    at applyUpdate (webpack-internal:///(app-pages-browser)/./node_modules/.pnpm/next@14.2.35_react-dom@18.3.1_react@18.3.1__react@18.3.1/node_modules/next/dist/compiled/@next/react-refresh-utils/dist/internal/helpers.js:139:31)
    at statusHandler (webpack-internal:///(app-pages-browser)/./node_modules/.pnpm/next@14.2.35_react-dom@18.3.1_react@18.3.1__react@18.3.1/node_modules/next/dist/compiled/@next/react-refresh-utils/dist/internal/helpers.js:156:13)
    at setStatus (http://localhost:3000/_next/static/chunks/webpack.js?v=1788967433687:508:55)
    at http://localhost:3000/_next/static/chunks/webpack.js?v=1788967433687:678:21
[ 1061733ms] ReferenceError: HiOutlineClipboardDocumentList is not defined
    at eval (webpack-internal:///(app-pages-browser)/./src/app/(private)/home/_components/ChamadosTable.tsx:331:123)
    at Array.map (<anonymous>)
    at ChamadosTable (webpack-internal:///(app-pages-browser)/./src/app/(private)/home/_components/ChamadosTable.tsx:175:52)
    at renderWithHooks (webpack-internal:///(app-pages-browser)/./node_modules/.pnpm/next@14.2.35_react-dom@18.3.1_react@18.3.1__react@18.3.1/node_modules/next/dist/compiled/react-dom/cjs/react-dom.development.js:11121:18)
    at mountIndeterminateComponent (webpack-internal:///(app-pages-browser)/./node_modules/.pnpm/next@14.2.35_react-dom@18.3.1_react@18.3.1__react@18.3.1/node_modules/next/dist/compiled/react-dom/cjs/react-dom.development.js:16869:13)
    at beginWork$1 (webpack-internal:///(app-pages-browser)/./node_modules/.pnpm/next@14.2.35_react-dom@18.3.1_react@18.3.1__react@18.3.1/node_modules/next/dist/compiled/react-dom/cjs/react-dom.development.js:18458:16)
    at beginWork (webpack-internal:///(app-pages-browser)/./node_modules/.pnpm/next@14.2.35_react-dom@18.3.1_react@18.3.1__react@18.3.1/node_modules/next/dist/compiled/react-dom/cjs/react-dom.development.js:26927:14)
    at performUnitOfWork (webpack-internal:///(app-pages-browser)/./node_modules/.pnpm/next@14.2.35_react-dom@18.3.1_react@18.3.1__react@18.3.1/node_modules/next/dist/compiled/react-dom/cjs/react-dom.development.js:25748:12)
    at workLoopSync (webpack-internal:///(app-pages-browser)/./node_modules/.pnpm/next@14.2.35_react-dom@18.3.1_react@18.3.1__react@18.3.1/node_modules/next/dist/compiled/react-dom/cjs/react-dom.development.js:25464:5)
    at renderRootSync (webpack-internal:///(app-pages-browser)/./node_modules/.pnpm/next@14.2.35_react-dom@18.3.1_react@18.3.1__react@18.3.1/node_modules/next/dist/compiled/react-dom/cjs/react-dom.development.js:25419:7)
    at recoverFromConcurrentError (webpack-internal:///(app-pages-browser)/./node_modules/.pnpm/next@14.2.35_react-dom@18.3.1_react@18.3.1__react@18.3.1/node_modules/next/dist/compiled/react-dom/cjs/react-dom.development.js:24597:20)
    at performSyncWorkOnRoot (webpack-internal:///(app-pages-browser)/./node_modules/.pnpm/next@14.2.35_react-dom@18.3.1_react@18.3.1__react@18.3.1/node_modules/next/dist/compiled/react-dom/cjs/react-dom.development.js:24899:20)
    at flushSyncWorkAcrossRoots_impl (webpack-internal:///(app-pages-browser)/./node_modules/.pnpm/next@14.2.35_react-dom@18.3.1_react@18.3.1__react@18.3.1/node_modules/next/dist/compiled/react-dom/cjs/react-dom.development.js:7758:13)
    at flushSyncWorkOnAllRoots (webpack-internal:///(app-pages-browser)/./node_modules/.pnpm/next@14.2.35_react-dom@18.3.1_react@18.3.1__react@18.3.1/node_modules/next/dist/compiled/react-dom/cjs/react-dom.development.js:7718:3)
    at flushSync$1 (webpack-internal:///(app-pages-browser)/./node_modules/.pnpm/next@14.2.35_react-dom@18.3.1_react@18.3.1__react@18.3.1/node_modules/next/dist/compiled/react-dom/cjs/react-dom.development.js:24999:7)
    at Object.scheduleRefresh (webpack-internal:///(app-pages-browser)/./node_modules/.pnpm/next@14.2.35_react-dom@18.3.1_react@18.3.1__react@18.3.1/node_modules/next/dist/compiled/react-dom/cjs/react-dom.development.js:27285:5)
    at eval (webpack-internal:///(app-pages-browser)/./node_modules/.pnpm/next@14.2.35_react-dom@18.3.1_react@18.3.1__react@18.3.1/node_modules/next/dist/compiled/react-refresh/cjs/react-refresh-runtime.development.js:265:17)
    at Set.forEach (<anonymous>)
    at Object.performReactRefresh (webpack-internal:///(app-pages-browser)/./node_modules/.pnpm/next@14.2.35_react-dom@18.3.1_react@18.3.1__react@18.3.1/node_modules/next/dist/compiled/react-refresh/cjs/react-refresh-runtime.development.js:254:26)
    at applyUpdate (webpack-internal:///(app-pages-browser)/./node_modules/.pnpm/next@14.2.35_react-dom@18.3.1_react@18.3.1__react@18.3.1/node_modules/next/dist/compiled/@next/react-refresh-utils/dist/internal/helpers.js:139:31)
    at statusHandler (webpack-internal:///(app-pages-browser)/./node_modules/.pnpm/next@14.2.35_react-dom@18.3.1_react@18.3.1__react@18.3.1/node_modules/next/dist/compiled/@next/react-refresh-utils/dist/internal/helpers.js:156:13)
    at setStatus (http://localhost:3000/_next/static/chunks/webpack.js?v=1788967433687:508:55)
    at http://localhost:3000/_next/static/chunks/webpack.js?v=1788967433687:678:21
[ 1061719ms] [ERROR] The above error occurred in the <NotFoundErrorBoundary> component:

    at ChamadosTable (webpack-internal:///(app-pages-browser)/./src/app/(private)/home/_components/ChamadosTable.tsx:63:11)
    at div
    at section
    at div
    at main
    at Home (webpack-internal:///(app-pages-browser)/./src/app/(private)/home/page.tsx:49:90)
    at ClientPageRoot (webpack-internal:///(app-pages-browser)/./node_modules/.pnpm/next@14.2.35_react-dom@18.3.1_react@18.3.1__react@18.3.1/node_modules/next/dist/client/components/client-page.js:14:11)
    at InnerLayoutRouter (webpack-internal:///(app-pages-browser)/./node_modules/.pnpm/next@14.2.35_react-dom@18.3.1_react@18.3.1__react@18.3.1/node_modules/next/dist/client/components/layout-router.js:243:11)
    at RedirectErrorBoundary (webpack-internal:///(app-pages-browser)/./node_modules/.pnpm/next@14.2.35_react-dom@18.3.1_react@18.3.1__react@18.3.1/node_modules/next/dist/client/components/redirect-boundary.js:74:9)
    at RedirectBoundary (webpack-internal:///(app-pages-browser)/./node_modules/.pnpm/next@14.2.35_react-dom@18.3.1_react@18.3.1__react@18.3.1/node_modules/next/dist/client/components/redirect-boundary.js:82:11)
    at NotFoundBoundary (webpack-internal:///(app-pages-browser)/./node_modules/.pnpm/next@14.2.35_react-dom@18.3.1_react@18.3.1__react@18.3.1/node_modules/next/dist/client/components/not-found-boundary.js:84:11)
    at LoadingBoundary (webpack-internal:///(app-pages-browser)/./node_modules/.pnpm/next@14.2.35_react-dom@18.3.1_react@18.3.1__react@18.3.1/node_modules/next/dist/client/components/layout-router.js:349:11)
    at ErrorBoundary (webpack-internal:///(app-pages-browser)/./node_modules/.pnpm/next@14.2.35_react-dom@18.3.1_react@18.3.1__react@18.3.1/node_modules/next/dist/client/components/error-boundary.js:160:11)
    at InnerScrollAndFocusHandler (webpack-internal:///(app-pages-browser)/./node_modules/.pnpm/next@14.2.35_react-dom@18.3.1_react@18.3.1__react@18.3.1/node_modules/next/dist/client/components/layout-router.js:153:9)
    at ScrollAndFocusHandler (webpack-internal:///(app-pages-browser)/./node_modules/.pnpm/next@14.2.35_react-dom@18.3.1_react@18.3.1__react@18.3.1/node_modules/next/dist/client/components/layout-router.js:228:11)
    at RenderFromTemplateContext (webpack-internal:///(app-pages-browser)/./node_modules/.pnpm/next@14.2.35_react-dom@18.3.1_react@18.3.1__react@18.3.1/node_modules/next/dist/client/components/render-from-template-context.js:16:44)
    at OuterLayoutRouter (webpack-internal:///(app-pages-browser)/./node_modules/.pnpm/next@14.2.35_react-dom@18.3.1_react@18.3.1__react@18.3.1/node_modules/next/dist/client/components/layout-router.js:370:11)
    at InnerLayoutRouter (webpack-internal:///(app-pages-browser)/./node_modules/.pnpm/next@14.2.35_react-dom@18.3.1_react@18.3.1__react@18.3.1/node_modules/next/dist/client/components/layout-router.js:243:11)
    at RedirectErrorBoundary (webpack-internal:///(app-pages-browser)/./node_modules/.pnpm/next@14.2.35_react-dom@18.3.1_react@18.3.1__react@18.3.1/node_modules/next/dist/client/components/redirect-boundary.js:74:9)
    at RedirectBoundary (webpack-internal:///(app-pages-browser)/./node_modules/.pnpm/next@14.2.35_react-dom@18.3.1_react@18.3.1__react@18.3.1/node_modules/next/dist/client/components/redirect-boundary.js:82:11)
    at NotFoundErrorBoundary (webpack-internal:///(app-pages-browser)/./node_modules/.pnpm/next@14.2.35_react-dom@18.3.1_react@18.3.1__react@18.3.1/node_modules/next/dist/client/components/not-found-boundary.js:76:9)
    at NotFoundBoundary (webpack-internal:///(app-pages-browser)/./node_modules/.pnpm/next@14.2.35_react-dom@18.3.1_react@18.3.1__react@18.3.1/node_modules/next/dist/client/components/not-found-boundary.js:84:11)
    at LoadingBoundary (webpack-internal:///(app-pages-browser)/./node_modules/.pnpm/next@14.2.35_react-dom@18.3.1_react@18.3.1__react@18.3.1/node_modules/next/dist/client/components/layout-router.js:349:11)
    at ErrorBoundary (webpack-internal:///(app-pages-browser)/./node_modules/.pnpm/next@14.2.35_react-dom@18.3.1_react@18.3.1__react@18.3.1/node_modules/next/dist/client/components/error-boundary.js:160:11)
    at InnerScrollAndFocusHandler (webpack-internal:///(app-pages-browser)/./node_modules/.pnpm/next@14.2.35_react-dom@18.3.1_react@18.3.1__react@18.3.1/node_modules/next/dist/client/components/layout-router.js:153:9)
    at ScrollAndFocusHandler (webpack-internal:///(app-pages-browser)/./node_modules/.pnpm/next@14.2.35_react-dom@18.3.1_react@18.3.1__react@18.3.1/node_modules/next/dist/client/components/layout-router.js:228:11)
    at RenderFromTemplateContext (webpack-internal:///(app-pages-browser)/./node_modules/.pnpm/next@14.2.35_react-dom@18.3.1_react@18.3.1__react@18.3.1/node_modules/next/dist/client/components/render-from-template-context.js:16:44)
    at OuterLayoutRouter (webpack-internal:///(app-pages-browser)/./node_modules/.pnpm/next@14.2.35_react-dom@18.3.1_react@18.3.1__react@18.3.1/node_modules/next/dist/client/components/layout-router.js:370:11)
    at InnerLayoutRouter (webpack-internal:///(app-pages-browser)/./node_modules/.pnpm/next@14.2.35_react-dom@18.3.1_react@18.3.1__react@18.3.1/node_modules/next/dist/client/components/layout-router.js:243:11)
    at RedirectErrorBoundary (webpack-internal:///(app-pages-browser)/./node_modules/.pnpm/next@14.2.35_react-dom@18.3.1_react@18.3.1__react@18.3.1/node_modules/next/dist/client/components/redirect-boundary.js:74:9)
    at RedirectBoundary (webpack-internal:///(app-pages-browser)/./node_modules/.pnpm/next@14.2.35_react-dom@18.3.1_react@18.3.1__react@18.3.1/node_modules/next/dist/client/components/redirect-boundary.js:82:11)
    at NotFoundErrorBoundary (webpack-internal:///(app-pages-browser)/./node_modules/.pnpm/next@14.2.35_react-dom@18.3.1_react@18.3.1__react@18.3.1/node_modules/next/dist/client/components/not-found-boundary.js:76:9)
    at NotFoundBoundary (webpack-internal:///(app-pages-browser)/./node_modules/.pnpm/next@14.2.35_react-dom@18.3.1_react@18.3.1__react@18.3.1/node_modules/next/dist/client/components/not-found-boundary.js:84:11)
    at LoadingBoundary (webpack-internal:///(app-pages-browser)/./node_modules/.pnpm/next@14.2.35_react-dom@18.3.1_react@18.3.1__react@18.3.1/node_modules/next/dist/client/components/layout-router.js:349:11)
    at ErrorBoundary (webpack-internal:///(app-pages-browser)/./node_modules/.pnpm/next@14.2.35_react-dom@18.3.1_react@18.3.1__react@18.3.1/node_modules/next/dist/client/components/error-boundary.js:160:11)
    at InnerScrollAndFocusHandler (webpack-internal:///(app-pages-browser)/./node_modules/.pnpm/next@14.2.35_react-dom@18.3.1_react@18.3.1__react@18.3.1/node_modules/next/dist/client/components/layout-router.js:153:9)
    at ScrollAndFocusHandler (webpack-internal:///(app-pages-browser)/./node_modules/.pnpm/next@14.2.35_react-dom@18.3.1_react@18.3.1__react@18.3.1/node_modules/next/dist/client/components/layout-router.js:228:11)
    at RenderFromTemplateContext (webpack-internal:///(app-pages-browser)/./node_modules/.pnpm/next@14.2.35_react-dom@18.3.1_react@18.3.1__react@18.3.1/node_modules/next/dist/client/components/render-from-template-context.js:16:44)
    at OuterLayoutRouter (webpack-internal:///(app-pages-browser)/./node_modules/.pnpm/next@14.2.35_react-dom@18.3.1_react@18.3.1__react@18.3.1/node_modules/next/dist/client/components/layout-router.js:370:11)
    at body
    at html
    at SessionProvider (webpack-internal:///(app-pages-browser)/./node_modules/.pnpm/next-auth@4.24.14_next@14.2_3c6995bb7fe1b51c92ddd1c1f45f2e25/node_modules/next-auth/react/index.js:365:24)
    at NextAuthProvider (webpack-internal:///(app-pages-browser)/./src/providers/auth-provider.tsx:11:11)
    at RootLayout (Server)
    at RedirectErrorBoundary (webpack-internal:///(app-pages-browser)/./node_modules/.pnpm/next@14.2.35_react-dom@18.3.1_react@18.3.1__react@18.3.1/node_modules/next/dist/client/components/redirect-boundary.js:74:9)
    at RedirectBoundary (webpack-internal:///(app-pages-browser)/./node_modules/.pnpm/next@14.2.35_react-dom@18.3.1_react@18.3.1__react@18.3.1/node_modules/next/dist/client/components/redirect-boundary.js:82:11)
    at NotFoundErrorBoundary (webpack-internal:///(app-pages-browser)/./node_modules/.pnpm/next@14.2.35_react-dom@18.3.1_react@18.3.1__react@18.3.1/node_modules/next/dist/client/components/not-found-boundary.js:76:9)
    at NotFoundBoundary (webpack-internal:///(app-pages-browser)/./node_modules/.pnpm/next@14.2.35_react-dom@18.3.1_react@18.3.1__react@18.3.1/node_modules/next/dist/client/components/not-found-boundary.js:84:11)
    at DevRootNotFoundBoundary (webpack-internal:///(app-pages-browser)/./node_modules/.pnpm/next@14.2.35_react-dom@18.3.1_react@18.3.1__react@18.3.1/node_modules/next/dist/client/components/dev-root-not-found-boundary.js:33:11)
    at ReactDevOverlay (webpack-internal:///(app-pages-browser)/./node_modules/.pnpm/next@14.2.35_react-dom@18.3.1_react@18.3.1__react@18.3.1/node_modules/next/dist/client/components/react-dev-overlay/app/ReactDevOverlay.js:87:9)
    at HotReload (webpack-internal:///(app-pages-browser)/./node_modules/.pnpm/next@14.2.35_react-dom@18.3.1_react@18.3.1__react@18.3.1/node_modules/next/dist/client/components/react-dev-overlay/app/hot-reloader-client.js:321:11)
    at Router (webpack-internal:///(app-pages-browser)/./node_modules/.pnpm/next@14.2.35_react-dom@18.3.1_react@18.3.1__react@18.3.1/node_modules/next/dist/client/components/app-router.js:207:11)
    at ErrorBoundaryHandler (webpack-internal:///(app-pages-browser)/./node_modules/.pnpm/next@14.2.35_react-dom@18.3.1_react@18.3.1__react@18.3.1/node_modules/next/dist/client/components/error-boundary.js:113:9)
    at ErrorBoundary (webpack-internal:///(app-pages-browser)/./node_modules/.pnpm/next@14.2.35_react-dom@18.3.1_react@18.3.1__react@18.3.1/node_modules/next/dist/client/components/error-boundary.js:160:11)
    at AppRouter (webpack-internal:///(app-pages-browser)/./node_modules/.pnpm/next@14.2.35_react-dom@18.3.1_react@18.3.1__react@18.3.1/node_modules/next/dist/client/components/app-router.js:585:13)
    at ServerRoot (webpack-internal:///(app-pages-browser)/./node_modules/.pnpm/next@14.2.35_react-dom@18.3.1_react@18.3.1__react@18.3.1/node_modules/next/dist/client/app-index.js:112:27)
    at Root (webpack-internal:///(app-pages-browser)/./node_modules/.pnpm/next@14.2.35_react-dom@18.3.1_react@18.3.1__react@18.3.1/node_modules/next/dist/client/app-index.js:117:11)

React will try to recreate this component tree from scratch using the error boundary you provided, ReactDevOverlay. @ webpack-internal:///(app-pages-browser)/./node_modules/.pnpm/next@14.2.35_react-dom@18.3.1_react@18.3.1__react@18.3.1/node_modules/next/dist/client/app-index.js:32
[ 1061745ms] [WARNING] [Fast Refresh] performing full reload because your application had an unrecoverable error @ webpack-internal:///(app-pages-browser)/./node_modules/.pnpm/next@14.2.35_react-dom@18.3.1_react@18.3.1__react@18.3.1/node_modules/next/dist/client/components/react-dev-overlay/app/hot-reloader-client.js:114
[ 1065093ms] [INFO] %cDownload the React DevTools for a better development experience: https://reactjs.org/link/react-devtools font-weight:bold @ webpack-internal:///(app-pages-browser)/./node_modules/.pnpm/next@14.2.35_react-dom@18.3.1_react@18.3.1__react@18.3.1/node_modules/next/dist/compiled/react-dom/cjs/react-dom.development.js:38559
[ 1071815ms] Invalid or unexpected token
[ 1071823ms] ChunkLoadError: Loading chunk app/(private)/home/page failed.
(missing: http://localhost:3000/_next/static/chunks/app/(private)/home/page.js)
    at __webpack_require__.f.j (http://localhost:3000/_next/static/chunks/webpack.js?v=1788967461043:852:29)
    at http://localhost:3000/_next/static/chunks/webpack.js?v=1788967461043:155:40
    at Array.reduce (<anonymous>)
    at __webpack_require__.e (http://localhost:3000/_next/static/chunks/webpack.js?v=1788967461043:154:67)
    at fn.e (http://localhost:3000/_next/static/chunks/webpack.js?v=1788967461043:391:50)
    at loadChunk (webpack-internal:///(app-pages-browser)/./node_modules/.pnpm/next@14.2.35_react-dom@18.3.1_react@18.3.1__react@18.3.1/node_modules/next/dist/compiled/react-server-dom-webpack/cjs/react-server-dom-webpack-client.browser.development.js:251:30)
    at preloadModule (webpack-internal:///(app-pages-browser)/./node_modules/.pnpm/next@14.2.35_react-dom@18.3.1_react@18.3.1__react@18.3.1/node_modules/next/dist/compiled/react-server-dom-webpack/cjs/react-server-dom-webpack-client.browser.development.js:173:22)
    at resolveModule (webpack-internal:///(app-pages-browser)/./node_modules/.pnpm/next@14.2.35_react-dom@18.3.1_react@18.3.1__react@18.3.1/node_modules/next/dist/compiled/react-server-dom-webpack/cjs/react-server-dom-webpack-client.browser.development.js:1819:17)
    at processFullRow (webpack-internal:///(app-pages-browser)/./node_modules/.pnpm/next@14.2.35_react-dom@18.3.1_react@18.3.1__react@18.3.1/node_modules/next/dist/compiled/react-server-dom-webpack/cjs/react-server-dom-webpack-client.browser.development.js:1908:9)
    at processBinaryChunk (webpack-internal:///(app-pages-browser)/./node_modules/.pnpm/next@14.2.35_react-dom@18.3.1_react@18.3.1__react@18.3.1/node_modules/next/dist/compiled/react-server-dom-webpack/cjs/react-server-dom-webpack-client.browser.development.js:2078:7)
[ 1071817ms] [ERROR] Warning: An error occurred during hydration. The server HTML was replaced with client content in <%s>. #document @ webpack-internal:///(app-pages-browser)/./node_modules/.pnpm/next@14.2.35_react-dom@18.3.1_react@18.3.1__react@18.3.1/node_modules/next/dist/client/app-index.js:32
[ 1071826ms] ChunkLoadError: Loading chunk app/(private)/home/page failed.
(missing: http://localhost:3000/_next/static/chunks/app/(private)/home/page.js)
    at __webpack_require__.f.j (http://localhost:3000/_next/static/chunks/webpack.js?v=1788967461043:852:29)
    at http://localhost:3000/_next/static/chunks/webpack.js?v=1788967461043:155:40
    at Array.reduce (<anonymous>)
    at __webpack_require__.e (http://localhost:3000/_next/static/chunks/webpack.js?v=1788967461043:154:67)
    at fn.e (http://localhost:3000/_next/static/chunks/webpack.js?v=1788967461043:391:50)
    at loadChunk (webpack-internal:///(app-pages-browser)/./node_modules/.pnpm/next@14.2.35_react-dom@18.3.1_react@18.3.1__react@18.3.1/node_modules/next/dist/compiled/react-server-dom-webpack/cjs/react-server-dom-webpack-client.browser.development.js:251:30)
    at preloadModule (webpack-internal:///(app-pages-browser)/./node_modules/.pnpm/next@14.2.35_react-dom@18.3.1_react@18.3.1__react@18.3.1/node_modules/next/dist/compiled/react-server-dom-webpack/cjs/react-server-dom-webpack-client.browser.development.js:173:22)
    at resolveModule (webpack-internal:///(app-pages-browser)/./node_modules/.pnpm/next@14.2.35_react-dom@18.3.1_react@18.3.1__react@18.3.1/node_modules/next/dist/compiled/react-server-dom-webpack/cjs/react-server-dom-webpack-client.browser.development.js:1819:17)
    at processFullRow (webpack-internal:///(app-pages-browser)/./node_modules/.pnpm/next@14.2.35_react-dom@18.3.1_react@18.3.1__react@18.3.1/node_modules/next/dist/compiled/react-server-dom-webpack/cjs/react-server-dom-webpack-client.browser.development.js:1908:9)
    at processBinaryChunk (webpack-internal:///(app-pages-browser)/./node_modules/.pnpm/next@14.2.35_react-dom@18.3.1_react@18.3.1__react@18.3.1/node_modules/next/dist/compiled/react-server-dom-webpack/cjs/react-server-dom-webpack-client.browser.development.js:2078:7)
[ 1071840ms] [ERROR] The above error occurred in the <ServerRoot> component:

    at ServerRoot (webpack-internal:///(app-pages-browser)/./node_modules/.pnpm/next@14.2.35_react-dom@18.3.1_react@18.3.1__react@18.3.1/node_modules/next/dist/client/app-index.js:112:27)
    at Root (webpack-internal:///(app-pages-browser)/./node_modules/.pnpm/next@14.2.35_react-dom@18.3.1_react@18.3.1__react@18.3.1/node_modules/next/dist/client/app-index.js:117:11)

Consider adding an error boundary to your tree to customize error handling behavior.
Visit https://reactjs.org/link/error-boundaries to learn more about error boundaries. @ webpack-internal:///(app-pages-browser)/./node_modules/.pnpm/next@14.2.35_react-dom@18.3.1_react@18.3.1__react@18.3.1/node_modules/next/dist/client/app-index.js:32
[ 1071845ms] Error: There was an error while hydrating. Because the error happened outside of a Suspense boundary, the entire root will switch to client rendering.
    at updateHostRoot (webpack-internal:///(app-pages-browser)/./node_modules/.pnpm/next@14.2.35_react-dom@18.3.1_react@18.3.1__react@18.3.1/node_modules/next/dist/compiled/react-dom/cjs/react-dom.development.js:16571:57)
    at beginWork$1 (webpack-internal:///(app-pages-browser)/./node_modules/.pnpm/next@14.2.35_react-dom@18.3.1_react@18.3.1__react@18.3.1/node_modules/next/dist/compiled/react-dom/cjs/react-dom.development.js:18486:14)
    at beginWork (webpack-internal:///(app-pages-browser)/./node_modules/.pnpm/next@14.2.35_react-dom@18.3.1_react@18.3.1__react@18.3.1/node_modules/next/dist/compiled/react-dom/cjs/react-dom.development.js:26927:14)
    at performUnitOfWork (webpack-internal:///(app-pages-browser)/./node_modules/.pnpm/next@14.2.35_react-dom@18.3.1_react@18.3.1__react@18.3.1/node_modules/next/dist/compiled/react-dom/cjs/react-dom.development.js:25748:12)
    at workLoopSync (webpack-internal:///(app-pages-browser)/./node_modules/.pnpm/next@14.2.35_react-dom@18.3.1_react@18.3.1__react@18.3.1/node_modules/next/dist/compiled/react-dom/cjs/react-dom.development.js:25464:5)
    at renderRootSync (webpack-internal:///(app-pages-browser)/./node_modules/.pnpm/next@14.2.35_react-dom@18.3.1_react@18.3.1__react@18.3.1/node_modules/next/dist/compiled/react-dom/cjs/react-dom.development.js:25419:7)
    at recoverFromConcurrentError (webpack-internal:///(app-pages-browser)/./node_modules/.pnpm/next@14.2.35_react-dom@18.3.1_react@18.3.1__react@18.3.1/node_modules/next/dist/compiled/react-dom/cjs/react-dom.development.js:24597:20)
    at performConcurrentWorkOnRoot (webpack-internal:///(app-pages-browser)/./node_modules/.pnpm/next@14.2.35_react-dom@18.3.1_react@18.3.1__react@18.3.1/node_modules/next/dist/compiled/react-dom/cjs/react-dom.development.js:24542:26)
    at workLoop (webpack-internal:///(app-pages-browser)/./node_modules/.pnpm/next@14.2.35_react-dom@18.3.1_react@18.3.1__react@18.3.1/node_modules/next/dist/compiled/scheduler/cjs/scheduler.development.js:256:34)
    at flushWork (webpack-internal:///(app-pages-browser)/./node_modules/.pnpm/next@14.2.35_react-dom@18.3.1_react@18.3.1__react@18.3.1/node_modules/next/dist/compiled/scheduler/cjs/scheduler.development.js:225:14)
[ 1071846ms] ChunkLoadError: Loading chunk app/(private)/home/page failed.
(missing: http://localhost:3000/_next/static/chunks/app/(private)/home/page.js)
    at __webpack_require__.f.j (http://localhost:3000/_next/static/chunks/webpack.js?v=1788967461043:852:29)
    at http://localhost:3000/_next/static/chunks/webpack.js?v=1788967461043:155:40
    at Array.reduce (<anonymous>)
    at __webpack_require__.e (http://localhost:3000/_next/static/chunks/webpack.js?v=1788967461043:154:67)
    at fn.e (http://localhost:3000/_next/static/chunks/webpack.js?v=1788967461043:391:50)
    at loadChunk (webpack-internal:///(app-pages-browser)/./node_modules/.pnpm/next@14.2.35_react-dom@18.3.1_react@18.3.1__react@18.3.1/node_modules/next/dist/compiled/react-server-dom-webpack/cjs/react-server-dom-webpack-client.browser.development.js:251:30)
    at preloadModule (webpack-internal:///(app-pages-browser)/./node_modules/.pnpm/next@14.2.35_react-dom@18.3.1_react@18.3.1__react@18.3.1/node_modules/next/dist/compiled/react-server-dom-webpack/cjs/react-server-dom-webpack-client.browser.development.js:173:22)
    at resolveModule (webpack-internal:///(app-pages-browser)/./node_modules/.pnpm/next@14.2.35_react-dom@18.3.1_react@18.3.1__react@18.3.1/node_modules/next/dist/compiled/react-server-dom-webpack/cjs/react-server-dom-webpack-client.browser.development.js:1819:17)
    at processFullRow (webpack-internal:///(app-pages-browser)/./node_modules/.pnpm/next@14.2.35_react-dom@18.3.1_react@18.3.1__react@18.3.1/node_modules/next/dist/compiled/react-server-dom-webpack/cjs/react-server-dom-webpack-client.browser.development.js:1908:9)
    at processBinaryChunk (webpack-internal:///(app-pages-browser)/./node_modules/.pnpm/next@14.2.35_react-dom@18.3.1_react@18.3.1__react@18.3.1/node_modules/next/dist/compiled/react-server-dom-webpack/cjs/react-server-dom-webpack-client.browser.development.js:2078:7)
